"y1","y2","y3","y4","y5","y6","y7","y8","y9","y10","y11","y12","y13","y14","y15"
0.867487310076471,-0.307578730207196,-0.435234376780188,1.79041279074449,-0.440846536115198,-0.915333504685593,-1.1073847206849,-0.605754959017573,-0.540739811072288,0.32939388374114,-1.39341381401203,0.775216351272611,-0.35484218705469,-0.0632511737636697,-0.777667236770356
-3.16408775151237,-0.453341488612785,-0.828404186635795,-1.83671387012215,0.260494597366113,-2.33929938007005,-0.338325161324257,-0.6901616665382,1.63647335626415,-0.368320263159462,2.32350161025757,1.99100681557295,0.272223542985954,0.205754315581875,-1.04696807990794
2.10223753763945,1.52395218828816,1.18201295819386,1.53876665046442,-0.825591876741812,2.56040735838605,1.73173113670398,0.666008939533174,0.10083829225927,-2.38998082560302,2.69557918291074,0.289006237528466,0.303641962743345,1.49190983289252,1.32644566853415
-2.71612565640254,-3.38747251652865,-3.16075838656932,-1.97609029789265,1.08695502462062,0.906756652497191,0.928569103564491,-0.059064032497431,1.36181437685487,-0.306646680472303,-1.34090871912535,-2.38663385335305,-0.707335571591644,-0.967918704984498,-1.4670627723961
0.118220895957135,1.43482754218335,0.190115568011905,-0.736675984928711,-0.00623080804843708,-2.89757586291683,-1.07184145736113,-0.886821203528888,-1.53554165907174,-1.79333277521011,-0.0555517991966023,0.0775546687905808,0.231195555450615,-0.184716856671526,-1.02831226660817
-1.75014249601953,1.66349603143484,-1.6123835409794,-0.577734731986015,-1.39668047654817,-1.89251318684424,0.414992200007221,-2.70088463896377,-2.08071196495427,-0.0112953961502141,0.699832389591231,-0.091023955003066,-1.62412514050952,-1.11630190490209,-1.10093704122069
1.58525455396253,-1.28700999067672,1.08016076768084,0.703625531392882,0.92691018780039,-2.45398807386557,-0.293275953933364,-0.95623429831854,-1.36069365869112,1.40476436614092,-2.23170152580451,-0.707374697108146,-1.67873364365206,2.99590906687547,-1.00497106329655
0.179015365719403,-1.7601694381768,0.0305175896769272,-0.328111926089813,-0.679716221196137,1.09642403155406,-0.551429476446052,0.511218757755452,-1.27042863523824,0.761323502704986,-0.997439169120244,-0.995307423239439,-0.417436552738161,-0.592935814007755,-0.099967085911449
1.17982194396644,1.16315025607739,1.70407776070491,-1.95535405579718,1.91393750394876,-1.4090518357424,0.343558360040887,-0.447356567810076,-0.431743430065819,-0.4230668190688,0.00730093323025696,-0.874143791052593,-1.501801194885,1.27966946321058,-0.241058943769826
0.699024795998643,1.63490904779681,-1.59132804042065,-1.71836215101593,-0.922875740370116,0.476610357021035,1.09180551453245,3.07701163675641,1.19706133244223,0.931127206865176,-0.927224095426916,-0.459781455682873,-2.06051870793679,-0.606732887839053,-0.569327821508779
3.07594761309624,2.09488278414609,0.00436040743611879,-0.117096971644955,0.837980724154249,1.92692674432038,-0.741272771444924,1.3995713301736,0.359075461919449,1.38027620257955,-1.39106249290251,-0.921185471014357,-0.31773713907967,0.758997188756716,-1.02085637661779
0.228011476117412,-1.4910594827283,-0.670924177435787,0.495564973748792,-0.342216338338235,-1.13629582556521,2.1314561451891,-1.16784712612925,0.446924264222202,-0.570465550110618,-1.92940262805167,0.188790509362111,-0.750710735468459,0.530597327220325,-1.63974588238645
-0.0810648972962973,2.30488162708307,0.808227577415164,-0.972011898976653,1.21488747232559,-1.46054561219802,0.199128514958106,-1.18712642031816,0.416045708890491,1.40502069401878,2.15782329640995,0.911743371711941,0.449064729609761,-1.14011191067985,1.58153256531638
3.24406720345342,2.79959275614847,1.67365468570523,1.35671929595929,1.63865066926333,-0.32406712212146,1.67349631801301,0.00418002253240349,-0.123148006813948,0.343570828578475,-1.2290749962186,0.889094463583349,1.27181076252897,-1.36309059446817,-0.337775214696063
0.585963520298278,-0.854057127070483,-0.670471262221796,1.52341280324863,1.38040987787364,2.4935023367221,-0.874667528426103,2.82205294967249,-0.496438485320965,-0.46942751883121,-1.72252679995048,-0.303529996943025,-0.578271557191649,-0.683907740615124,-0.819918501229378
-1.7954410449743,1.20690223728066,0.552220721130109,-0.305691258406096,-0.116030576049143,-2.79472707388137,-2.46177298293511,-1.64668961398471,-1.86662782803812,-1.96990036933767,-0.486891103113762,-0.949449091306958,-0.719135104698261,-0.795532590820636,0.717414231266536
1.68641134015108,0.872008976055219,3.00772775369879,0.431546713848471,-1.66900123091766,-0.787269425041325,-1.05192452830026,-0.871397964799715,-0.0522160216149533,-0.809220357297018,-1.02855963330082,1.71885934653973,-0.300158165503765,0.290928750000294,0.37973071791086
2.39858155254848,1.83112287224411,0.936376751127778,-0.414374161958965,1.65681884289285,-0.485204133331235,-2.9443897069303,-2.24466370431451,-0.0729276270623207,-0.751161628146955,1.33339029565028,-1.59543123339171,-2.73130259606751,-2.28408349582612,1.9012385396568
0.421902351046753,2.34042731027434,0.129908864753731,-0.368474669904005,-0.615092252698894,-1.05254653467178,1.24319352600543,-1.53011485629435,-1.34642555747089,-0.533807977526834,-0.78139385583898,-0.666327718310307,0.275601637437227,0.346260890668007,1.31721500312207
1.81272630190944,0.608282200913364,0.867031216290838,0.489670129186261,0.37386412381733,0.93848647812983,0.588603247330648,-0.674447897546699,-0.366199662707677,0.131218978830247,-2.93031188261828,-1.58872341336167,0.440791581132116,0.283978192390296,0.480821474696977
1.15021511235754,-0.249752003658014,1.92016788313552,-1.32237151351342,-0.056470761922785,0.383566385607714,0.171321381272681,0.978163355628903,0.645280743760494,-0.194053960889454,1.48193897738351,2.25878054225345,0.275201560203477,3.7652829038308,0.248263402820139
-0.68816505009803,0.526139698614114,1.83803692755497,0.314901671525018,0.595374661846666,-1.42487141389343,-0.19251359901121,1.23031665316652,-1.2428942992641,0.0260296503699971,-0.538167206751204,0.00473723024118267,1.18399724167756,-0.943982157105202,-0.517419881445957
0.183300486333432,0.501753944776072,-0.611681394586242,0.616116033004298,0.526674411578332,-2.93108935056418,-2.67525204575454,-1.37471416273373,-0.891718735057413,-0.102546618561563,0.216400477096685,-0.426013057898842,-1.65263928148396,-0.16425156036307,-2.15481278887016
-0.281055466340715,-0.150152993192206,0.520155439908103,-1.60397447370761,0.392683981602589,-1.84515632552122,-0.700709179484125,0.546386275621493,0.130906260357186,-1.13268787853231,0.472493474471725,0.561193044102371,0.084187744480047,-0.163891706223517,0.554143207396336
1.90492884708578,0.548737619671078,-1.17200717598893,1.52946822838323,0.494589559161121,1.24467552778358,-1.0988386015384,0.293692727916169,0.260963835267934,-0.697266842167062,-0.23571763767507,-0.5610538301024,0.843910398307839,0.566747894629022,-0.138821173117334
-1.20292245288232,0.446748410107657,-0.855842739488762,0.101113301972759,1.01841965754638,0.178528682226889,0.873278391183276,0.0796654612673096,0.23215203436763,-0.134633305325248,-1.01253815813286,0.988774436054327,-1.46856737440501,-0.895121068153207,0.132436156177948
-0.0375591612442338,-1.32899890682967,-0.587895759461763,-0.047814733834817,1.15507751690664,0.602170771455189,0.338240439425748,-0.0875003130388231,-0.123602424895772,-2.12258607600855,2.19658017513034,0.239786121309989,1.69198236335901,0.848399095202511,-0.469667605336948
0.828262597650094,0.0253622938251085,0.655864120586454,-0.122172124059229,0.750746139250488,1.26659332359105,-0.027695810826759,1.21543241202608,-0.896441494410353,0.697850968376904,2.78649379058829,1.3245807376011,1.10781876266979,-0.855559003764357,-1.32442816743796
-0.694323863894372,-1.94434357274239,-1.51951440885467,-0.0882076337607271,-0.316112738139882,0.649905900831774,0.237531348874028,1.19894413525267,0.135981407819812,-1.43597122986385,1.34726571901762,-1.27771171929202,-1.48404600110569,0.0633370535578065,0.82257139041279
-0.55830780153354,-0.375806208543037,1.68259505756835,1.01464542417126,0.264646863022853,-0.974155469550177,1.41317484939485,-0.928184592205851,0.524479706173329,0.195667652511831,0.51063947867267,-0.674453530008924,-0.899091238274469,-1.22151021448502,1.13418983941351
2.15627663208493,-0.69518376012666,0.344699707828034,-0.437605154914446,-2.3635469328996,-0.826540250458174,-0.762746164001363,1.53036384819896,-2.16822494188717,-0.521718164225732,-2.33251300741524,1.40350168438045,-0.480504043764444,0.74379915394652,1.13652707348854
1.50783755578818,1.44640390211812,0.964350174501741,0.610768386299804,0.25845981532411,-1.91938077851721,-0.209982181482441,-1.72185349696481,-1.76954912732811,-0.827779759776895,0.583806161641955,1.09502612008813,-1.08688923196277,1.70212034813402,-0.489819715991186
1.30040276698745,0.86404755135759,0.702691074390361,0.199832444222864,0.0368851549965717,0.358156932999324,-0.474745590250544,-0.667781295930392,1.1473499960095,-0.245980055355598,0.603705696089782,0.308199494723625,-1.37453844548061,-0.879101065793402,-1.40233423881451
0.557276545872619,1.33327374232879,0.757149182826856,1.32560582619783,0.0202954411808238,2.07263448557719,0.38306854713255,-1.13800135166847,-0.280649887393881,0.703530244692134,-0.799400910141048,-1.04794759632737,-1.05138686008228,-0.83627220687393,1.36027500616748
0.548721976212613,0.891168585196096,1.53451322229223,1.85082529672501,-1.00996252618331,-0.636974703596002,-0.0959484917717627,0.321101091314823,-2.0340017896782,1.97421086658926,0.666777684199137,2.07531814316987,1.93947471806,2.93581302306171,0.68132200255074
-2.44138621251578,-0.170926605904552,1.07515739314866,-0.0738900578976088,-0.0296663399574554,-0.850494006378375,-0.846085633632412,-1.04944891498241,-0.82062592419853,1.04332994727167,1.52449030497693,0.731580508955169,1.18059406898059,0.926340348767514,0.829413608155224
2.12994137725017,1.35798547711959,1.17496493482181,0.0842256355840362,-2.01987672254003,-0.250403934309986,-0.654667915279789,-0.701203143134834,-2.84205305969513,-0.539147149254469,2.3543362108105,-0.107185291492639,-1.70745752303079,0.341399187856738,0.649858737218142
1.80846109953942,1.86042622739945,0.681466541442314,1.32294899839042,1.5534934572168,-1.7484284418017,-1.36280254353244,-0.357005437308285,0.106862827968081,-0.511298837223953,1.77234397580752,-0.443603556735476,-0.0650471587130386,-0.91968963386584,0.686918843883085
0.13880402720947,-1.19423621708471,-1.1232770107309,0.121359441122957,-0.748712755756033,0.733531854065856,0.708958620227364,0.76476382201882,0.873339945238449,0.0604574903224828,-1.14422278979646,2.55413883270816,1.56320091516469,1.16911263335915,0.539543570442984
0.235433164544027,0.742907204228856,-0.213408537511446,0.12759521957011,-1.11675495157242,1.84191066583031,-0.0477448009775253,-0.19968745841172,1.15564045724036,0.166529197907743,1.86126714177663,-0.395174751747343,1.22608157415229,-0.515170203855794,-0.930729347772711
-0.886633734947056,-0.469219453195135,0.286542609789683,0.248280589435625,-0.885590977961837,0.78541619925155,0.295475159672053,0.469741601847516,-0.435286626574944,0.270708955266109,0.470633461359581,-1.69109502484953,0.101716631060429,-0.449994193042872,-0.08877165473789
0.789062148310209,0.63415184501475,1.10069891786772,-0.820632099541234,1.47198932198396,0.665057731209802,-0.369731351464564,-0.985275128768599,-0.425441679736602,-0.795064177364784,-0.798594155906442,-0.256931950461152,-0.188690926035882,-0.885464383074058,0.195475859071327
-0.0957800341882976,1.49039816662043,2.03163926079939,-0.129384701923292,0.874593923362897,-0.982500526469342,-0.514077289808133,0.773194074980886,0.00668688090611866,-0.239457473557969,1.14184536976858,0.258830157236666,0.74219067090973,-0.853605173042212,0.25521799595064
0.173162977649245,-1.63408615137707,0.382348809715989,-1.40333949537691,0.127030812864178,-0.565870946631442,-0.593776692603351,-0.57998685898755,-0.525300618474028,-0.359462021565092,0.488293802421226,1.27662600947561,-1.03994376409565,0.62810623901788,0.0791808564604653
0.495492253047722,0.180948733958248,0.810275198281503,-1.03123695966539,1.20112543350663,1.14335862574789,-0.331628326136882,-0.179648395809919,-0.183083300546215,-0.632045469060839,2.21676596479907,0.644008262392289,-0.0993491954216734,1.29847806570781,-0.370668251642387
-1.33376280531761,-0.957914352515049,-0.263268364018691,-1.88794376338758,-1.01431824763103,-0.0403775051613749,-0.638884189819874,1.0353288127427,0.333009067616204,-1.4727519571677,-0.166424598320533,3.75566345504034,0.933789799685576,0.56467216288908,1.41220292293798
-2.84734610760049,-1.52407354137617,-0.695021900406004,-0.684943887686228,0.376377929543453,0.69745887671153,0.256785837033874,1.27904074289615,0.927996709219829,0.500450320782802,0.000227226921222413,-0.0270661899217404,-0.0754086114504878,0.123995141129104,-0.138164777472489
-1.83833321642681,-0.076932358787183,-1.64511750807873,0.279910029597022,-0.720829837372135,1.35638520119331,-1.00481995499475,0.135697178073762,-0.62345520311157,-1.28749716385902,1.11138001860212,0.48197512878633,-0.607908536809269,0.0654583924246181,-0.593625295454626
-0.541726581372512,-0.13688670413949,1.2668352925187,-1.16709947074776,0.240687137681587,-1.49116223689051,-0.171324997207199,-0.973782941239058,-1.88955384368901,0.766710114772972,0.648619899075919,0.02567343675714,-1.55070464731217,0.40418918673212,0.0127713144590665
0.889164784720762,1.2509206701927,1.74058237083631,0.720332026845147,0.498684009479536,-0.349689286248302,0.122367799582705,-0.418472643954679,-0.180969118103366,1.55043620151926,0.773158418504477,-1.0355825983152,0.620774534291874,0.348046678874403,0.74923781207791
-0.118706346825649,-0.365494481913437,-2.05829503663853,0.392042619004682,-0.115042831522375,-2.20915013969112,-3.70146337865772,-2.765281165474,0.0185033230848784,0.761907950206059,-2.71202199253044,0.382194477444725,-1.76279559750046,1.40956845612033,1.07485897316855
0.757842097453282,-1.26784268428651,1.78831862618187,0.679532876304193,-0.680324531846521,2.16871788626672,-0.379550286686619,0.978941400483471,-0.967432945488979,1.39200588915148,0.556928487206202,1.93194200808661,0.594787541814545,-0.522706404800653,1.27898364190112
-0.917023463040162,-0.162750321332899,0.340076818430265,0.393165928284903,0.326851009333166,0.599106886952625,1.0638487078047,1.17450271806407,1.24635701962255,1.56345293051378,1.96374745612044,0.377275398464965,2.71164269869877,-0.556898203608391,-1.57104757221575
-0.927610265403179,0.272827763525162,0.133944613222063,-1.31637119280476,-0.437180080165228,-1.00035602361621,0.673577517294601,-0.805446189403854,0.51673259184492,-0.643905016549976,-3.39280591071922,0.182707904293284,-0.129583461777831,1.71480527587713,1.22876779503833
-1.88553536921298,0.29482874756614,0.114330785825699,-2.00891472489836,-0.184423249556661,-1.16459244105838,-1.61801908670707,-1.74106147435252,0.601348685063398,-1.75018737642472,0.172906886383216,0.0688512485485618,-0.607646637549394,0.897789099462684,-0.754290263496906
-0.335679320275146,0.641081767612059,1.21620582489449,-0.0764813607338336,0.58676875150626,0.934507319264202,0.0977262025515906,1.13408369446199,-0.76752607771417,1.53177108742703,1.47170256806404,0.0674409407397318,-1.18862903453223,-1.34301782041509,0.00159260822742625
0.615637474794035,0.117947026669681,1.57994478817263,1.3321428719685,0.660140821983915,2.17007446018341,3.04035667399741,1.95129721433491,-1.60458571895537,0.0395983803983755,2.00162326752851,0.024065476314508,2.23055768824255,0.38060853927748,-0.109847974071954
1.08464904131639,0.37712572832832,-0.163922491354738,-0.818261077797941,0.327875004175201,-1.51337723573284,0.74873695567833,0.34114458810152,-0.977000446181292,-0.848426533476314,-1.58563895043265,0.705361247228941,-0.356850174287104,-0.258629822062811,0.400755610614057
0.595130588224416,0.87081793624785,0.853607055549877,0.0501196969238948,1.01758566620208,0.977747983331415,2.55155891242837,0.240470313510835,1.26299639885276,-1.03179364594628,-0.447738069921454,0.383979065610678,-0.0694289579328213,0.424132743436054,-1.58414892893482
2.20078897470467,0.370530731013103,1.62493340700053,-0.945403807927326,0.61332789434949,0.566334127497073,0.596609736423764,-0.425644034507456,-0.618826907113224,-0.415978398002137,0.156910421812269,-0.405652409053296,0.0388390897141955,1.05444617883462,0.241685684547912
-1.38189057671176,-1.55474268466695,-0.930171002428386,-0.278867420838947,-0.132085732666319,-0.921469316643404,1.14200616206533,-1.39435978841361,0.6619474142931,-0.555240344092993,-1.90613031245952,-0.482347965352855,-0.683698012041667,-0.14780369902438,0.906884856057817
0.357958272113433,-0.0493595792672366,-0.0206792128430033,-1.71456700557462,-0.0990534740053343,0.711903388110682,1.25541486972466,-0.0584615201874771,1.35842736081041,0.842947592171381,0.174448248291895,1.40222401221545,0.450842811821038,0.630378948290792,1.96756054035308
0.197910720270645,0.270543911358427,-0.000335926929126238,0.307566997033829,0.0175957546496705,-1.18310691993058,-0.531235641367654,-0.577076475510506,1.3319285112596,-1.08731206874178,-0.716805251429406,1.52228425543815,-1.05477323004609,0.527028852430249,1.56983895264253
1.33365528239901,0.279386032767023,1.4086760413756,0.562870166016012,0.35529399863333,-0.674370437060252,0.432165164093529,0.875461210238318,1.40833031857271,2.38164264995816,2.34361317567431,1.11538142818151,0.82371928674576,1.5038820911077,0.603064373279275
-0.320646651277934,-0.883980859722199,-0.0632148314808475,0.456736134789407,-0.110919621910414,-2.56274619672643,0.542692990125381,0.133227839101943,0.406335042433241,0.166276148807264,0.589944905429987,-1.14976452700148,1.15068090954946,-2.54668452431239,-0.782215379730466
-1.33287362243821,0.145366783366995,-1.0865009500723,0.658080969253816,-1.25118690117369,0.293917603757233,-0.830638801857961,-0.393650926371109,1.50518732449179,-0.362878425869394,-1.69719551601954,0.582605259346692,-0.632836911822851,1.50207813929041,-0.234218730892033
1.59633671440176,-0.582619366989848,0.312848463245552,-0.032283940818917,-1.44547700783804,1.88449433711616,0.855050142123196,-0.697220023156569,0.131614918809004,0.494518412795592,-0.153867394200962,0.340487496297405,-0.912106556345501,0.616087795995013,0.198343588435942
-0.35352770232639,-2.74496117126053,-2.23719232557269,-1.9062018111371,0.294358809274531,1.97058244159045,3.26109599171372,0.116174887079515,0.215654903387318,-0.751400545793522,0.117266135381813,0.321371851620066,0.988359312506486,0.81184879185337,-0.606541966268925
-1.38799492650119,-0.458469614054565,0.752357917718753,0.251820351923218,-2.58089334448883,0.781013450745089,1.49204884758346,-1.03046789067443,0.356569863647513,-0.380803982092063,1.72222648291256,0.390029372727312,0.871697328032013,1.44851144851775,-0.206991260532894
0.0135961994695083,0.178693774412593,0.482047849783483,-0.528196533287255,1.43244994738511,-1.03014995199165,-0.114631759354718,-0.519289020777248,0.668105494308781,0.637558948114821,0.867870173684896,0.857200218183151,2.47822632856458,1.60726579039453,2.32112270786096
-0.305680883335201,0.13280758536302,2.46987458757217,0.878898816169766,1.08319805755353,0.293142595271853,-0.31916855990869,-0.767980579890422,0.526807058332061,-0.23896599893176,1.50057360538351,0.873995782156775,0.23578374065932,-0.130667331465108,0.315664047309131
0.621686908649954,0.749665862910256,0.490711356629665,0.780315694830853,1.14012240856162,-1.52648933096805,0.451939861073537,0.779449993621693,1.91760417066727,0.950934335292773,0.720419543901025,0.226354512443528,-1.31871852151907,-2.87506065685336,-0.279392746319833
2.69020035364556,-0.377497602276073,1.60758585636768,1.6283129654008,2.1269347559576,-0.483380683754553,-0.258330577621761,0.0652139248894305,0.69086573717118,1.04533713342003,0.76379519915233,0.796309528041328,0.246612398699798,0.425136348802572,0.410389733343471
-0.461282529407298,-1.21527792436999,0.360242335164452,-0.244679418234627,0.755321537441686,-0.963964151712673,-0.993852342073467,-1.41415279606104,0.593773661344452,0.315111530487683,-0.449444184279374,0.182629843031443,0.527145722917891,0.650306277649396,1.74469963026254
-0.296658276633907,-0.0590071476198467,1.63840819978912,0.280091647818062,-1.40248996600002,0.612960077404501,0.797291874222042,0.647581296428525,-0.824363986651505,0.142797459961515,0.252805640002837,0.337449336116734,1.80387915439859,-0.162583660183351,-0.90740027807238
-0.965257633339102,-3.96188599272312,-2.09167454267407,0.102053315770968,-1.19681032196244,-0.129859856956205,1.04434448889302,0.265397695030041,-1.91508299661671,0.772373823631945,0.561148632835223,-1.50770740390459,-0.583493673260658,-0.106373798757815,-0.50474866606965
-0.975176453578673,-1.92915646324165,-0.346077747312582,0.471228855096845,-0.891143414839587,1.56714605879312,1.33608623612051,0.546094570854939,0.673815480470317,-0.152118902262326,0.246705134219825,-1.39312705344667,0.313338078952182,-2.2829389022927,-1.03161495720493
1.17559109737861,-1.14449838805767,0.629712268881779,-1.22235121600562,1.39626991773817,2.49445461504849,0.92415925536364,1.70050081872302,0.658527655914427,0.522937216104623,1.78099802415585,0.863174580933705,2.32570947974119,-0.330945752834137,1.17872856988897
0.197655825296278,0.648379198007986,-0.699399332891129,-0.512695773046094,-0.746112959830084,0.58755698459441,0.866268360282186,-0.295632535014001,0.786904440880457,0.655992275570737,-3.03762425928042,-0.696773815300385,-1.66962015962642,0.685781312596997,-0.430484579583064
-0.401119318375838,-1.52213751747618,-2.00165431848042,0.863779044748073,1.94322810639389,-0.682764046679629,1.3847586009991,-1.46694551650933,0.364762383144121,1.5221774131934,-1.50441887126518,-1.25547779671032,-2.32593086238375,-0.758944704214204,-0.972039355445611
0.287858896336185,-0.308260830606929,2.74400980714481,1.84043383414383,-0.603735351283649,0.204550866299684,0.621577626033663,1.3055443086068,-0.54828335965744,0.426444779700965,0.395765285057301,0.760425564531189,1.85872752436721,1.33418654931042,1.68216233661402
0.0807758269751807,1.40367010232074,2.74185525952391,-0.138165138145503,1.13542106435192,2.43850477993767,0.143110974015003,-0.129482686414539,-0.376654016222359,1.46415490199655,1.54627823694028,0.0576285828230326,-0.00366419094034875,1.40870178454313,-0.28288522885687
-0.222760740168666,-0.766468935987756,-0.760497609160252,0.136350786292083,0.0178914721043596,0.0719485263036067,0.114799682787651,1.54251246467954,1.28965893379136,-0.534277241672318,-0.265455942086976,0.92822322302143,-0.953501497750488,0.863961323170001,-0.867872404235504
-1.08409732750629,-0.553262903056878,0.993606319874999,0.245323732625436,0.880781875567717,-2.29995409808906,-0.367669429171772,0.898049894206104,-0.4699725506524,-2.04471462151659,4.31625660921084,1.65038360928541,-0.00914944775711851,0.88780998404776,0.449804468037563
-2.14067735896893,-1.65176904814341,-0.400744527364385,-1.17184877969972,-0.436052038270655,-0.77794019542857,-2.41900072727567,-2.58904814736485,-2.35083190837339,-0.275398695990874,-1.69303623498782,-0.4548339166756,-1.09306773582563,0.846519419807489,0.543214215074568
-0.0491473482729748,-1.19015840073658,0.831459478149153,-1.89562800853936,-0.138059966403422,-4.13010552058709,-2.60694997483345,-2.69568051866741,-2.40575589900369,-0.847735196594975,1.78237974190731,-0.289590995631824,-0.773444579849421,0.409824805431593,-0.94956058599816
0.97862268404775,-0.741123849091215,-2.33653932765029,-0.671840563467049,0.638110650435265,0.752716590737901,-1.79647069613156,-1.57069624103041,0.478371086727262,-1.27165060949715,0.192341226072475,-1.38338403650895,-0.469365181986883,0.99330837656147,-1.78768973660208
-0.387770647931354,0.740028168386283,-0.215672340423137,0.246461393743913,-2.46275037195338,0.812377789513371,2.90763800270436,0.00353987929809904,-0.0790689811287964,1.04828502681029,2.3381077408899,-0.746971949686758,2.41883017008514,0.901648538860663,0.323737088965625
-2.52432409578293,-1.29381988512249,-3.31638408735929,-1.0615936671107,-0.329418222402549,-1.12765969906109,-0.417939651659604,2.00719946770118,0.299397315633632,-0.842955357978006,-0.190760843705474,1.17701931280183,0.720614136239822,-2.26692051759075,-0.74327959305109
3.16350471014612,0.847759568080666,1.50673874415715,0.135507525609621,1.00702689391785,-0.226626373603126,-1.82969154200555,0.755934978385076,-2.0427543076489,-1.79245949829614,-2.65975488094216,0.675883392092728,-1.85513420544998,-2.17847345044988,1.123667124148
0.241183386904527,1.43737991939839,1.245695014191,1.81826002686583,-0.111915558549724,0.0378528340006009,1.12998858676923,-0.0926252665220469,-1.59993126798732,-2.1956898073464,-0.596756587601046,-2.37315605493676,-1.59846384876865,-0.137038577599271,-0.221074950253138
-0.25985342307083,1.63069775854682,0.334179652557342,0.671302675409226,0.0458028391775255,-0.195862991291155,-0.34385729008117,1.60994115951016,-0.381996209104296,-0.232038054435776,-0.720474843808909,-2.28676785188641,-1.50114905167157,-0.815951080916429,0.211645230519873
1.1914971680852,0.204403050657016,0.71767503959551,0.666288481340212,-0.0818752059943357,0.709171757791381,-0.0173293154606681,0.29486823899142,-1.13713153132272,0.0818879512927731,0.148385608820239,0.726482058046316,-0.536223296947785,0.358837803076623,1.00436494752053
-2.25759625642671,0.160259660167659,1.59959397622547,-1.08716639489374,0.0784342593996108,0.210099944230646,1.22118414302302,-0.12714294914974,1.64700485177679,0.90717582851065,-0.852545249017241,0.631150542044682,0.124949980128502,0.519154858496206,1.15715332681705
-0.444321330409187,0.407846411271818,-3.00141471619452,-1.60621339748277,-2.12408686651786,3.25986696603035,1.91760449489196,-1.3595194876439,2.29435636786217,1.79815754857382,-0.129299277118178,-0.499170673943304,1.39069426629595,1.7609772175705,-0.212145409288317
-2.04321371221611,-1.32625194941712,-0.190726153914189,0.500654199493723,-1.06401838282208,-1.60908609382895,0.523845190051375,-0.531098436235549,-0.706291840524978,-1.01851906664134,-1.03563511604929,1.01406603042166,-0.920783360318104,-0.625429301061005,-0.443392724595759
-1.56825951691834,0.751387960951094,-2.0078234206221,-1.44554039221561,-0.36033356501533,0.466337577704502,0.559412621624353,-1.22991294908365,1.37991911009747,1.21263886066591,-0.599753245664276,-1.46515019811437,1.62851929444994,0.928280751379366,2.47619664460405
0.11569656327065,0.0324411046426864,1.52883536807903,-0.791781215380203,0.281050499465645,0.0902090443219515,-0.0809915194886002,-0.827928539813227,-0.205962698229056,-0.189128937922544,0.987563488330749,1.62861593548881,0.405269748503522,1.07231637360699,0.739730357270803
-2.91996226834792,-1.88442784126704,-1.836677645407,-2.54585920982996,-2.26478595365263,0.404459185984293,-0.129150899115034,-0.0894923008796227,-0.426385156361024,1.29149448140008,1.32317485295898,1.46360367968417,0.536269198663595,-0.515952169396102,-0.735763900603254
0.0309764488654598,0.117671302304591,0.100497542443442,1.89129570683217,0.62724458472825,1.96506503960737,0.0692119209865787,1.04271687279668,0.891263916264301,-0.204453161214317,-1.47648730136232,-0.195300421672,-2.09745326632635,1.13647025936747,-0.299615418231905
-0.731837384746016,0.197927056129543,-0.233145923518749,0.0223619199997714,0.708280399889172,-1.59718057869612,1.64931586946389,0.958452149845465,-0.688529623941917,0.532758843532842,-0.117004903152306,-2.36748573789502,-0.763909381380512,-1.13339030220418,-2.16472633584782
1.85589835028896,2.52594761628659,1.02207408336101,-0.495489553691249,0.0117850405076158,0.199047384261608,0.327280821591684,0.703819004430225,-0.119737736915689,1.96392407252709,0.0750043990925873,1.44310512258776,0.392044399353451,1.5732343728934,-0.664184221599981
-1.08314090530921,-0.262652462472491,-0.765638917806214,-0.156535088585999,0.416679789510941,-2.04514461311138,-0.630726394415282,-0.905089058142449,0.62034756169333,-0.944979003047088,0.073608339042863,0.0625281312729761,1.67438134683599,0.649709288941963,-1.05819578863915
-0.719188145060314,-0.878822782829026,0.188627892223352,-0.408985226616963,-0.90754772660604,-0.867377067490429,-1.20262758818654,-1.53661811812064,-0.0865459005344334,0.626605672722895,0.51073813653548,1.47504010261626,-1.08952755004529,0.179091884114489,0.801668685354474
1.98398835424393,0.661120850123645,-1.01400376191965,-0.426317836394745,-1.20511047637325,-1.21352057698085,-0.252438150602449,-1.08609287037181,-0.539921517533868,0.506542350318938,0.349363045856781,-0.633460200154638,-1.84479959287715,-1.07682763568791,-2.21417154163841
0.0947500257689375,-2.35837078730083,1.2486483683779,1.21831885963515,-1.39875436270429,-2.32515323241823,-0.105950993438448,-1.0884447286864,-0.142496116959663,-1.13293279583245,0.4559967880882,0.986214317889003,0.394071637630064,-0.701884371078944,0.413498441495339
2.13668855532172,0.69857938625839,0.928214911506034,0.789882516294082,-0.782626860861866,0.528271340369416,1.48791459361631,0.888059088104581,-1.47935650154499,0.423638023493567,1.08409901693108,-0.0233556623633777,-0.508411921145193,-0.813288525670593,-0.419009937543044
-1.18864880346556,-0.321399807045016,0.689012512034701,-1.46539428895292,-2.36527142509777,2.5942191035802,-1.51097875408219,0.185349244963491,-1.67204784989566,0.0396472466921745,0.624627490616857,0.711218873899483,0.315392072512341,2.00762998714076,1.8019876212047
-0.889595784126137,-2.55235199343686,-1.21797869525216,-0.187577597831216,-0.168468345941359,-1.33396094362088,-0.318819527042538,-2.28695061970861,-2.1872048489583,-0.0498708553727573,0.430745497217275,0.681711787741221,-0.351380746190778,-0.54053831613057,1.00808233259155
-2.16275697617741,-0.999107687730426,0.944680439039627,1.52666413945268,1.42024565633224,-2.24298748923203,-1.10354897241549,-3.13419802706797,-2.54418548339128,-2.16930206806146,1.18429406354699,0.887646869964514,-1.26324091020852,-0.308895996577068,1.47252979246384
0.138865549115548,-0.19539444049843,-1.14212979124162,0.53380698826195,0.720722273446892,0.965944423921741,-0.248260886949299,1.48305188315884,0.232287446218782,0.660123746627834,-0.25351039486555,0.330384097664578,1.41276556475537,0.0663602633217366,-0.146277934763652
-0.919638581266097,-1.37781624654325,-0.2346478252997,0.824516629952358,1.23596702550411,-1.34011904481321,-1.77754499368319,-1.46319552108914,-1.7493251047118,0.231457843272585,0.743585435052125,1.81869770173344,1.71492810284524,-1.24174801989045,0.145656825681365
0.252592741430162,-0.856560788427565,0.367870928085153,-1.75895143866075,-1.21156976194765,-1.2673190831156,-0.00386652205649185,0.300309191828911,-1.50275220256615,-1.24459413496091,-0.406058697688749,-0.116799953854621,0.246385276448957,0.821441211055722,0.595172689096593
-0.226379223254623,-0.142548667835366,-0.676956832243611,-0.604117597512136,-0.912508614852498,0.0365346711583666,0.0825656933880707,-1.01725429008318,0.557778113112862,-0.342314252101634,0.94629782180666,-0.245211767272426,0.545777903929501,1.39398576187414,1.56849380732256
3.36358609871359,0.798570283202637,1.94793978480658,-1.04253130248114,-0.946017202998526,-0.0737851313768138,1.64903657759764,1.46578298667189,1.74453086600615,-0.651962475030647,2.89320000048563,-0.925456977047401,-0.0320402800441625,2.12488473698868,0.0391322547650394
1.03928078452913,1.37824939670767,2.3172295333717,0.943365680218831,-0.596419888542368,2.20223368672768,0.985698079102488,0.281929116751954,2.59710163974157,1.8873563096501,0.998223928675172,1.30907726838659,2.27235791438834,0.595904681890631,1.33801381212563
-1.81568966573231,-0.773806930872885,-2.50982583758887,-0.160917323150807,-0.811205893786339,-1.51132272148572,-1.45311184673254,-2.80103037545414,-1.47847038222659,-1.00273864409043,-1.18509157239948,-0.614300664881572,-0.633534844576846,-0.455659344624185,-0.504212871019812
0.473325352889357,0.382306144411547,-2.02393344792138,0.980865156240565,-0.0381688046538631,2.12193105312372,1.22479965387738,-0.801105900351561,-0.793384443090663,-1.44146753228826,-3.16531798482082,-1.30176233961155,-0.58031371610505,-3.07578096263029,-1.38319250472764
-2.07896820306224,-0.943555856989104,-0.390961089231924,-0.673822710175497,-0.285118048802709,2.50630221311352,1.18352406753089,-1.05135563624388,-0.427194898047487,0.14446012056466,-0.791799049637308,-0.765968271754516,0.384940925392431,-0.463795921592687,0.154923360096615
-0.421386799163441,-0.665614239618826,-0.493012961024687,-1.09527596864925,-0.146331533127209,0.643490513284267,-1.49400330466318,-0.0658135178662271,0.822101897598042,-0.407150987744141,-0.510468516546741,1.96676248481634,1.40359296505538,0.140730771557162,-0.0580889767402437
-0.981826542846869,0.256402255026126,-2.47431247273831,0.60011663709735,0.402114651693545,1.32620326855628,-0.712565622949732,0.969630469221122,-1.40127785321858,1.40224890969488,-1.90270293057151,-1.55120362722692,-1.86780810068817,-0.139752684161218,0.930046905906144
-0.0576138872760027,0.985272709777524,-1.79664458980299,0.724852192429993,0.18461360157341,-1.55880577777294,-0.504140131061549,-1.34467202007209,-1.35897307737447,-0.0142855294691484,-2.14570864861069,-1.4928023403041,-0.811934544033659,1.36725067739172,-0.536873963010479
-2.71176241331023,-2.49740156807703,-2.32602954787836,0.101141307328475,-3.30096913366809,-0.129732420273646,0.312353797626725,-0.448322542608663,-0.270352108234437,0.553566654637115,1.03665951585726,1.31189992597849,-0.723592010521721,-0.0950644374605799,0.00532309218685237
-0.0139208727777962,0.710625196723859,-1.79012615546181,0.67193558623006,-0.986706857208159,-0.422522279141325,0.315010597198239,-2.80040929122972,0.521401834988424,-0.809965609886172,0.637168468328731,-1.19339578404998,-0.801942427918823,-0.851020444359442,-1.11479996761752
-1.66612784804529,1.16416974432239,-0.86102094314194,-0.820239694399019,1.67725095146116,-1.91528253241879,-2.54603921589751,-1.64045325096631,1.35754393359527,-0.932738523808313,0.39271903271744,0.586717615995419,-0.59555792373987,-1.8052730174839,0.365114209007127
0.70133435183833,0.503002943504028,1.03422712999067,0.0675502710895489,0.718292147815933,-2.56485628158678,-1.3102367553573,0.561233259077859,-0.741916545094136,0.355272925738118,2.12183538100741,0.510204004104913,1.37005167344296,1.72117237131072,1.63807053290249
-0.383163412525975,1.21049827344607,1.86106904975696,0.560949652698237,0.854636245657704,2.38542488073655,1.58251020125475,-0.121173105314675,1.92677412314598,0.282412468757125,0.371131144767344,-0.621297607373914,0.130245348202006,-0.309958909582119,-1.09836305939223
0.128058006851886,-1.8723940155785,-0.860524414946761,0.570143379145531,0.216676597070718,1.80040147318914,0.48447401092997,0.218556135823525,1.42525803575582,0.645764375516837,-2.25822475997291,-0.804877634105929,0.221438033926044,-0.333790050744497,1.09439510339276
0.697632318317201,-1.92876447556607,0.25952311806997,0.0306055436531291,0.349874013292911,-2.18501640391697,-2.40054065893978,0.0063323058779691,-0.933832462766783,-1.12250942958293,0.235048191152934,-0.516059085816409,-1.58579486876591,-0.623021312417003,-0.238132789209146
-2.19942436453669,0.219058866145572,-2.68654292047853,-0.661132182733294,0.989133308104867,-0.573999409265119,-0.195944262809871,1.36503020147086,-0.102150066367689,0.386718658948066,-3.26701897741847,-0.606152204537121,-0.840276097966959,0.38727115854867,0.582534075477128
-0.512659186612397,-0.706192406485779,-0.399267782132603,-0.255465193284605,-0.376390628909307,-1.13263507016093,-0.779830905491655,-1.57445566816475,-0.850559924025551,0.612467917529391,1.60916736342397,-1.04133147888941,0.441599934621184,1.468686192227,1.01237069528251
-1.24444603260381,-0.105744806079594,0.940258387669889,1.37293423218481,-0.74639675160686,-0.192547428511297,-0.224422650470076,1.39783620827162,1.02600791704528,0.220397284982182,2.03394232415838,-1.18113464634976,-1.23021941356506,-0.657299190181032,2.27638786656116
1.12326553558055,-1.74830222315067,-0.344691136874176,-1.04744245271765,1.47700688322073,1.37386476010876,-0.601472249646892,-0.199939004761773,0.267010737892126,0.333679266893604,-0.701802459218498,0.380285046971734,-1.81287095648854,0.98641903669372,-1.25538260620307
2.40615577468265,1.98574072808798,2.47064763043617,-0.729055338979155,1.83484355270374,0.811878594777798,1.6831351921373,1.36579317119222,2.03210209775512,2.08403876953,-2.13179104914147,-0.349363766370174,0.898438870735997,0.0836844385611,-0.736198931921125
-0.581122864862145,-0.768013318109173,-0.523222757108645,-0.982331726091039,-1.11597125280457,0.0961180165848417,1.33980490253402,0.111269694374559,-0.0866503859934434,0.977995375219997,-2.07018471655806,0.211308896994887,-0.285299907276275,-0.419646485886606,0.414735320862253
-1.70096817642623,0.197803583480374,-0.297080769085713,-0.522501296771876,-1.34341587390891,0.207037748760708,-0.33842302948814,-0.637083359515017,-0.781020453063583,0.291474606628575,-1.36496210855866,-0.552669150109632,0.39178690696198,0.0934529952548925,0.0221062235538888
1.20718949121531,0.822718292962222,-0.0859718854078076,-0.415274551381818,-0.773658722282007,-4.11955933789048,-2.05824670493252,-0.207941393060192,-0.538859822642439,-0.251896469600271,0.153448379564128,-0.0495317232708369,-0.501595150442252,0.174272171453493,-1.21842934866598
2.081883485109,0.756547296667754,0.0325302856071601,-0.476402928855632,1.63852295206575,0.129301819647647,-0.195775188521671,0.00597931574559297,0.443513384891316,-0.694066286163655,-0.14170708202675,-2.53012070803061,-1.16738985941268,1.25977448437512,-0.866017471139262
0.148872766575084,1.69742409249097,1.41190744442933,-0.815409641270586,0.00475047927805305,-0.36544435827975,0.0354749382455693,0.726813760345741,0.486270808167405,1.22741130807849,0.0819333281131359,1.16253201748664,-0.0213733613827671,-0.0402993490235575,-0.356587751564777
-1.15474105436752,0.74634257029686,-1.0421630294335,-0.558317087788827,-0.11517690361185,-0.819349184592946,0.198489605965391,0.978612728565694,0.795523190393302,2.1918519914721,1.69391200677318,1.22820161197985,1.18731553310088,2.30490135860308,-0.951450315085643
0.107415152329231,0.179516064497035,-0.69009602713607,-1.92234005828174,-2.45985301332484,1.64306972586293,1.01627391434396,-2.54353453633768,0.82329414361389,-2.63408394294669,0.114643079182284,-1.23527222380779,-0.945940539067,-0.543782497187405,-0.462835671136773
-0.112992834205904,-0.547430632293718,-1.8988489625184,-1.76710778737673,-0.705028818001175,2.40689243312504,0.130201509131298,-1.02393691020683,0.172708600283747,-0.350575595213952,-1.65781603883141,-2.10923009872747,-1.20372448629039,-1.55749077472675,0.100513861249288
-0.711865331027071,-0.3941978827923,-1.03510491728946,-0.838749564728091,-0.719140176166786,-2.73748595075019,-0.495873692313386,-0.615034834196585,-1.80486102244072,2.41210364647025,-1.16815048873564,-0.0270359139250745,-1.80003905641522,-0.954691145467654,-0.597403877060633
0.72976299327634,0.591746506301898,-1.35881863714464,1.0846962517851,-0.518435217284939,0.623976190773494,-0.301489386766906,1.22757345452569,-0.191034227331471,-0.843833523591197,-4.41600146032582,-0.95423776849255,-0.826954093436976,-1.12733659489976,0.0486864882689331
-0.374617873744769,-0.767709103233847,1.29414239720102,-1.51004559356751,-1.4040762394194,1.78301135593348,1.50543859982894,1.1216633601526,-0.362054362758305,1.31548697474037,0.159189091708353,1.65981709625506,1.86208659859451,0.56737713208926,0.243637359578955
-0.621531865190489,-0.072910489000878,0.262209218384033,0.840882253240109,-1.36819674290775,-1.17171890914738,-0.558132389723595,-0.410398569901018,0.887229828017107,-0.805213540673919,0.982549916916173,1.94706298385124,1.64264089223953,-0.263322906804489,0.59657292543565
-0.0931423408274673,1.52842150215387,-0.382697777868785,-2.47319688450446,-0.250430398130889,-0.184873565398934,2.14825888846149,0.766322581014745,2.24231731808206,0.43145307216504,-1.4452801916347,-2.08346194990045,-0.598809506607599,-1.28945665749087,-2.58167759730003
0.500226664951861,0.992813461909406,0.635412916498714,0.407350471907708,-0.504728826514633,1.52064798320131,2.42760110607675,0.242690705006632,0.250741407489799,0.608299055852767,0.567014481230213,-0.425881052265391,-0.169400871382442,-0.220662335758672,1.8612911565798
-2.13863994647346,-0.425541268027346,-0.473101869821413,1.10107523349791,0.595085724548918,-1.19668869688088,1.33636298069742,1.5919062901775,0.53717115091678,-1.169675939754,-1.53474702389947,-0.968514929150131,-0.883580168744043,1.35325319129762,0.0848377572967366
0.636633577288857,1.49877271864029,-0.534668181798325,1.10018072213189,0.787169938261006,-1.38490092322301,-0.721818291186134,1.14295316354862,0.697517564706784,-0.757612220605207,-0.204904938480276,1.45813819974486,0.787337718921923,0.986681832857391,-0.400628393044994
0.73976042308713,-1.88762909154658,0.676922113969999,-1.26449491915418,-0.969719839588291,-0.75373625623978,-0.955481006432732,0.477226270107725,-0.539564152660566,-0.261338450722766,0.0695827875504354,2.58666346622315,0.911390383695599,1.71200657825745,1.36138504203182
-0.593944277617835,0.0728983910012098,-0.449644918099261,-0.556336350388671,0.102775988837014,-1.36758994590318,-1.63560105027316,-0.179150501429263,-1.86613646973966,-0.848864675956523,-1.07883118909915,-1.35227005330286,-3.30587555533394,0.638966896492948,-0.670535724478461
-0.511826631823001,-1.21293381886433,0.00760575826594811,-0.450402282301281,-0.87242111202699,0.0352734474242778,-0.659361813762637,1.7113305473802,-0.730451920162594,-0.103304938969666,1.20852612640384,1.45522719215406,0.796987929498109,1.50049863654233,1.28412931728764
-0.224223482281199,0.948952273968019,1.66423640220562,0.0720602230354422,0.0744129138803639,1.12592037460414,0.250636626216662,-0.00857413997807231,1.62298113468885,0.648613806013928,2.25925011946116,2.49439811913291,2.69755501175156,2.34964737020255,1.96896420950418
0.417624441971917,-1.21822906797709,-0.513145624778541,-0.0459777081631973,-0.684078666191366,0.0439508823714138,0.172953018555674,-1.59037517259812,0.828859071399778,-0.125528553698933,-2.02019055609714,1.75198732186085,0.622484121644685,-0.378272083755009,0.587360052146858
0.422585205001777,-0.140600424244503,-1.94043354118024,-0.87499063949446,-0.214302098253651,-0.141976263059768,-2.41224657740758,-0.0943634918928418,-0.701486359070262,-0.926971192546244,-3.21647821660842,0.2553285785349,-0.0544954644526618,0.68404191201465,0.226654520621076
0.952897041666754,-0.427673626596052,-0.694335788373997,1.09914967256574,-0.736736272720679,-0.570325989368041,-0.72083684830579,2.75708103979729,0.817149196814671,0.364289272396668,-1.51442633966102,-1.54328977469108,-0.702840484935368,-2.77730383821335,-0.48578235131252
1.79647107925309,-1.85277018259466,0.0262322722069182,0.0334544676805933,-0.517705008002496,0.302222972814465,1.26494082351318,-1.25450881361386,-1.31590851365979,-0.543665516329051,0.880519466094731,0.115852983014166,1.4582153462875,-0.264035182449145,0.36517834699725
0.114503878689987,-0.153120069139933,-0.456697382087014,1.12921007829794,-0.333302194128496,-0.425542417276024,0.0762564997658399,1.01536465863603,1.39017988137732,-1.64957695321632,-1.37996942450536,-1.77646802066855,-1.35811577934706,-0.0606411951984734,-1.38872684023825
-3.10290704627065,-2.86527156386352,-3.42418602250068,-0.0676368403555087,0.455685524344328,0.523456491451421,0.843462870956927,-0.947393116811443,-0.19062229304452,-0.982258535979155,-2.59487205271946,-1.3625477107335,-0.129673432748174,-1.39375679550914,-0.801917609891007
-0.35392966506176,0.994635636023807,-0.0412682973483308,-1.01765502255231,-1.09801436459829,1.40034945943058,2.76432168774377,0.583518648687781,0.850947002375728,1.98140875857265,1.30607845019575,1.23395876729148,1.88327784234781,0.510112913876826,-2.34200919630275
0.0603564119247229,-1.74931547791396,-0.74170645727235,0.913808049104444,-0.592812131754549,-0.251062870493536,-0.830414069489123,-1.42300651515743,-0.292606266505376,0.0174197002055265,1.42526985217422,1.02415924959445,0.868057227538179,2.78221401980353,0.383575590634915
-0.172442890743279,0.939016347098449,-0.0686485787613577,-0.718954910998639,-1.29632235661218,-1.98316573278011,-1.28093340710128,-1.47595036260739,0.453039826878836,0.788963922434438,-0.0261264577763345,0.0624211598926801,1.30817258532478,-0.200423783659074,0.0333483004335663
-0.806271852785486,0.188095408593176,0.849885863084947,-1.36542971264047,-0.470427851618907,-1.29440646274757,-0.900775195758771,-1.46592765759252,0.0925885300814667,-0.231376434352358,0.0560560164580829,1.64916928505416,0.881145827603616,-0.798624129273657,0.0116890082142047
1.38452171653413,0.481455393946383,-0.692964145114225,0.906622723127099,2.53597498132737,-0.595661136479435,-0.342248622138517,-0.767664357664859,-0.333908997262631,-0.634043868040802,0.6415009181575,-0.500844190893365,1.3239570685363,-0.411084918438735,-0.150489844757685
-2.10280069698441,-1.67022492645332,-1.79221883493172,0.482594099168177,-0.673270472778445,1.42719142640448,1.17115873190068,0.725621766210117,1.75666952968103,1.61234205734861,-0.44210186583006,-1.82679961318649,1.19067987975791,-0.42348298630501,-0.48559509556163
0.728888873485743,0.251385663968832,-0.0804620682848367,0.263589135700626,0.352805149120107,-0.000939474137615637,1.03971231047996,0.140627626584865,0.141461719077772,0.0614731575793196,-1.53816850335682,-1.2524070671984,-1.60604094268929,-1.14756564059697,1.06667507593442
-1.13936464289731,1.50791511363374,-0.799670715052036,-0.908097033053448,0.00199088756153751,0.431133197415353,-0.171468290020267,2.14752913286488,0.887978673226271,1.04885852499619,3.11306028491918,0.691234421197355,-0.13994893784886,0.553177218738325,1.91239372619703
-0.471581751172506,-0.246716569725305,-0.227271223188931,1.19300493839757,-1.48553097418502,1.8192814653055,0.419707782674635,0.653070254596076,1.14803978376536,2.0349998785247,-1.71473895305022,-0.599143169568475,0.564964970721709,-0.326592302366478,-0.373740054673351
-0.269395640234794,0.792278262618649,0.147716719130413,0.210779929783756,1.86835761874458,-1.85506066839182,1.53112423795033,1.17358885942968,1.06133215040371,0.482501245218789,-0.360903019196148,0.229826174629163,-0.354644067205617,-1.07789143087416,2.26573262930229
0.491258928171922,0.961500750740191,3.00989649849109,1.77597972699795,0.437592823912644,-1.55897816558404,-1.95598148537141,-1.16399900977256,-0.573483769368568,-3.30309569111653,0.0378485127522757,-0.786562458548865,-1.86394962263967,0.412974375063493,1.11736652954087
1.04672943072631,1.30176381733384,-0.42947095844217,-0.565357260744702,0.45218445833193,-0.995301770073817,-1.44768243056881,-0.31458467734921,-1.53926306085399,-0.963688742943315,-1.58837542982825,-0.985729592098531,-1.42245817831433,-1.16486810948717,-0.0149334853782029
0.653449097478104,0.458608319452364,0.473443876457787,-0.590804005283949,-0.28745833585376,0.770000189634864,-0.517345911300997,1.25406040830642,-0.377476466540992,-0.164313028342036,0.284470480900317,0.823966597223629,-1.0950742288195,0.145597178588388,0.245690678689672
-1.57440583202092,-0.153572610842942,0.202575467483361,-0.081382492174043,0.72906066193165,1.78473043160914,1.10181832757601,0.558308431134203,1.9193300766441,0.538166384143625,-1.87340596765208,0.936769710896397,0.769595143183407,-0.989190882167332,-0.706419828719267
-0.273476533715252,-0.287502821168593,0.692110316692615,0.345665980246186,0.0749731556147372,-2.63822203641439,-0.492578081444737,-0.915943199344109,-0.758866867957257,0.981774385561158,1.25050172146592,1.2039084343819,-0.839982059990597,0.699297517125096,-2.61238203166915
-1.36613479946936,-0.447571333274302,-0.865944419606477,0.880078823431297,-0.000383654800446002,-1.91952823817328,0.422958662656356,-1.97544097881647,0.499807989758645,-0.559329010348057,-0.0386483864600806,0.223416598994388,-0.967840510734376,-0.400723526868263,0.35015893392653
-1.00990106896194,0.0318573363263572,1.92949180721702,0.480098120734038,-0.64016317188688,0.0137090589164531,0.0567044781003021,-1.87857255105932,-0.0597318214544427,-0.242742090151629,2.10265222111351,1.96334262389148,1.08436672364794,0.843358878002318,1.40571531705655
1.50669267907279,2.65078753325937,0.311340658369645,2.17470238180279,-0.910534362332882,-0.661158909828431,-1.08950612928821,1.64895503401923,-0.429491828856014,-1.89147918132203,0.522213947641745,1.06191920043297,0.112516794362053,0.35894938497371,0.246362121380471
1.77905289789613,1.73095827607269,0.224038014079828,1.92975258150241,1.41066170589642,0.907468803674007,-0.0449872093911107,1.03770764207523,0.499478360221807,1.14072599796717,0.119186839278638,0.0952491747306992,0.831426026449324,-0.258730967603159,-0.214743302619457
-0.609864145527495,-1.36568498088198,-1.61920643782026,-0.706997425945976,-0.132396386101645,-1.67285205457961,1.5321218837473,-0.180139770417823,1.87837907732473,1.14908520319196,-0.736204599348691,-0.396754799610476,-1.81003377332367,-0.560768202618824,-0.86318174041163
-1.87242384747186,0.814260092667225,-0.481429143583558,0.768940686920538,0.158713716171993,-2.14268660631936,0.367211878837952,-0.515442235254111,-1.32016577217615,-0.35639822326093,-1.51338887703761,-0.0214487869957951,0.254665920115894,0.319702005315391,2.26762260651526
-0.421756191822157,0.19385883811707,-0.687398731634075,-1.33057716229992,-0.651947911550277,0.325769303918714,0.392156252000148,0.130724749995854,-1.99929442649548,-0.644492424750931,-0.486172553969953,0.234163529158757,1.52586743340006,1.1685472908172,0.53420079288043
-0.230821987364694,0.812037970219874,0.261145644496146,-1.38643463848335,-0.640324855277898,-1.9729890166089,-1.41257349841203,0.213472349451408,-0.861327816128857,0.539336938048597,0.0914180358481086,0.733324427931415,1.97864766928479,0.743686220965378,2.31747228661989
0.189347756567988,-0.054862244750381,1.84076755385282,1.89445342796094,-1.22372619551211,0.230353594391501,-0.262166977025327,-0.0368156883109128,0.940023589813129,0.286380054507642,2.17193354889305,1.20975748433332,-0.202033019742332,0.532539834595291,1.19032921054229
-1.16900832783816,-1.65049475592553,-0.140384124890306,-0.763985299057186,-0.294178173181254,0.313712131166711,-0.0342933763135498,0.730767536187359,-3.1913319916512,0.220243757198946,0.582467970581066,2.34125971241346,-0.776913436349307,0.973233064810958,0.57856923232304
-0.0608951912956662,1.04284468646146,-2.42535489279013,0.0750796044797326,1.42889629954671,1.29103668714499,-1.52953639179291,1.38409574806929,-2.27556544922972,0.508791599098519,-1.94141642877114,-0.143407871570029,-0.0104806815762913,-1.19089350702358,-3.69614771513523
-0.280283243484763,-1.36731131480946,1.41593926202836,-0.431069329093791,-2.24151649376337,-3.01659225189085,-0.366849163969649,-0.150977053973151,0.800539652154335,-0.781070970895132,0.444286931954891,2.56768012647783,1.01576670172325,-0.167929833429433,0.90179470707075
-1.90092335897072,-0.612695643623557,-2.92438166055286,-1.76947625368196,-2.69227629057977,0.875003934015288,1.13147538373541,0.980626209191382,-0.109110211818412,2.77443775454002,-0.496886174955006,-0.526789269248554,-1.20919850329638,-2.3315179062264,0.178150288634704
-0.7398269542163,-0.516412136597622,-0.495914013670988,-1.59632207824539,1.8317908410345,1.61484309778753,3.8330612009692,0.525007628252185,1.93729024902566,2.42254856161492,0.111220904048273,0.337105539847408,-0.20478844035049,1.28542158356602,0.43743592324493
-1.3340924194631,0.868252283576658,-1.40295919328654,-0.117885028073389,0.511934167738862,-1.30563478111939,-0.634198461774206,-0.175668439434815,0.529345241808786,0.319718005561219,-1.39904541536289,0.0594047402358377,-0.0132114290792438,-1.4375843351632,-1.01727199508289
-0.316493375790517,-0.986791633358744,-0.0495160844915426,1.08104204230734,0.411867333320277,-0.720288538219673,-0.564434655379812,-2.28000886068985,0.360112151656899,-0.959826977573681,1.37501449931272,0.814634943089562,0.623838322491291,-1.28507668514814,0.200950925892571
1.14776109443159,-0.188627362895876,0.992173259277405,0.430309887343412,-0.428858930042883,-0.394949699695017,-1.07642598393914,-1.27432213886614,-1.70271555586825,-0.289638297103086,0.0440358249166564,0.503305986408357,-0.00211451265653059,-3.03562950545795,0.878075847406644
-0.0891990193657353,-0.0753205656729654,-1.50027584841761,-0.356760281654787,0.909963851016565,0.141981703221959,0.500970301394409,-1.12246669205498,-0.173896378941942,0.0776798018434922,-1.47769718127539,-3.30712852900599,-0.609594347807555,-0.526600033809648,-1.30198251526641
0.0321861346466382,-0.0309141758593617,1.50914901904418,-0.820912442223876,-1.0603006785909,1.47722779794665,0.46136243242703,0.256188840480897,1.25060473744384,-1.02466968972674,1.85450840354741,-1.18837315413935,-0.701108732311759,0.733734135635937,-0.964523140729008
-1.30518296729623,-0.300191585988254,2.28810839788356,0.856753361055448,1.96837824391524,-1.98300044554838,-1.78532021715498,0.113719869040165,-0.7126439698084,1.3260269221971,1.36498513940353,1.35512683150839,0.919499386091051,-0.222576560653961,0.620285648428198
0.897648347187479,0.865406802751002,2.85176431562684,1.288694496305,0.224520577499469,-0.908670828417942,0.226680670149705,0.638354937965345,-1.98297325019992,-0.780259288343801,-0.961898890817233,0.0729964475396298,0.901241250632995,0.78856810080063,-0.255148217134184
0.165321419498176,-1.15763448103188,-1.40421601933442,-0.532098037485162,-1.11157736661887,-0.348012407981578,-0.45340163889268,-0.591236521812873,-0.642892908554342,-0.241662905791026,-0.720690553307699,-1.05452363793561,-0.961933496952236,-0.871397491313111,-0.775395281322051
-1.17241374146891,0.625347283666706,-0.935905985555462,-0.120152623930993,0.728585712771366,-0.143518910072727,0.866806695585023,-0.238066821192609,-0.826590992502477,0.932343677817743,-1.5400049626552,0.0619806924724327,0.516431132883435,0.0351416055356276,-0.172283354177475
0.682988255635403,0.321058976544955,-1.98747328007254,-0.00412659017188069,0.92863809078481,-0.181713614950879,0.144586836615372,-2.04511608491322,-0.269367007512407,0.615694155871787,-0.32276239234669,2.73990405800169,-1.29520124104931,-1.44806154397967,1.72496615949038
-0.201749767229469,-1.21104907007259,-2.41884517904846,0.0890599222053072,-1.07107328315903,-0.0824543747631318,-0.91751513544182,-0.906347647756894,-1.13223137309849,-0.265090014223045,-0.140347760021732,-2.6657762216382,-0.932507522946227,-1.94832641665408,-1.01213630456357
