"cl_1_discrepancy","cl_2_discrepancy","cl_3_discrepancy","cl_4_discrepancy","cl_5_discrepancy","cl_6_discrepancy","cl_7_discrepancy","cl_8_discrepancy","cl_9_discrepancy","cl_10_discrepancy","cl_11_discrepancy","cl_12_discrepancy","cl_13_discrepancy","cl_14_discrepancy","cl_15_discrepancy","cl_16_discrepancy","cl_17_discrepancy","cl_18_discrepancy","cl_19_discrepancy","cl_20_discrepancy","cl_21_discrepancy","cl_22_discrepancy","cl_23_discrepancy","cl_24_discrepancy","cl_25_discrepancy","cl_26_discrepancy","cl_27_discrepancy","cl_28_discrepancy","cl_29_discrepancy","cl_30_discrepancy","RMSE","elpd_loo","elpd_loo_se","p_loo","p_loo_se"
2.00854803183784e-05,1.58001519478625e-05,-1.37408021450861e-05,-6.34897524939267e-05,-2.08402238271822e-05,-1.4778417189549e-05,-2.24585427534853e-05,1.49652387371499e-06,2.35484754466951e-05,-3.14240790738593e-05,3.05150009642932e-05,6.39041952252077e-05,-9.09580548308123e-05,-5.23913996613742e-05,-0.000266643232487407,-7.65518082758362e-05,4.78768340028701e-05,-6.1595283089628e-05,6.71344704579818e-05,7.24015200019826e-05,5.69801525921816e-05,2.69684504418989e-05,-0.000104072299046556,-4.06647100009207e-05,8.00090065200108e-05,1.22970855556907e-07,8.11446931801159e-07,2.98833965842664e-05,-3.17855746262603e-05,2.42172675997292e-05,6.87391013175554e-05,-4489.62149279474,38.1908172392198,400.826179734513,10.7728714734873
-0.000236048415956374,8.92458080466468e-06,9.80649477552546e-05,-8.10595680972131e-10,0.000180393394990612,-1.93520991169513e-05,-0.000491312443007277,5.76777294949989e-05,0.000128700310464544,-0.000366942845760916,-3.77660226511387e-06,-0.000330339412233471,7.81713489259576e-05,0.000326776459135504,-2.47392142781362e-05,-0.00011345248691224,-1.85321460925351e-05,0.0022907677394918,0.000398589752089076,-0.000402875901657348,2.45178773045774e-06,-1.55117693375491e-05,0.000282647759514593,1.65284511897111e-06,3.72987492624026e-08,5.76914370328701e-05,-7.19102978006651e-05,-4.43822595531693e-05,2.45462952312028e-06,2.9102354443182e-07,0.000461502254912622,-4521.12086800277,38.5440866055584,425.778428838003,10.9292412988679
6.72606458399046e-06,1.70108552974602e-05,5.06423842293327e-06,4.59835457771703e-05,-3.85195545077977e-06,2.61876668305892e-06,-2.414818594859e-06,-0.000285323578496511,5.14252023589454e-05,7.10758566944937e-05,4.63648307824856e-05,3.71527083925751e-07,-1.83132291695153e-05,3.9784364258883e-07,5.56290111480364e-07,-0.000176760280814523,1.57470393576756e-06,-6.82553898610925e-05,8.69585513894514e-07,0.000224497528227475,-6.62427607713166e-06,5.28352414606984e-05,-4.87918997730013e-05,-0.000261164560841996,-6.51181395982418e-06,1.15053438994043e-05,8.66737720903341e-06,2.03617210609717e-05,1.49041109170734e-05,-3.54279274028559e-05,9.2369544501226e-05,-4548.78769648546,38.5709136400228,411.24537497426,11.3744095136511
0.000190949545577623,2.25683596966788e-05,-4.93745690160018e-05,1.85662939965113e-05,1.67200045905911e-06,-6.65097389371899e-05,-0.00049987703527552,2.26108208722917e-05,0.00017337167389004,-5.47873128058199e-05,-5.37022315611276e-07,4.57966458782404e-06,-0.00019782232986257,1.04456372694533e-05,8.8843017353718e-05,0.000384277485380259,3.10478637565485e-05,-7.26006284391186e-05,8.14742126526379e-05,-9.80389740387579e-05,0.000504416729515746,4.04629323649097e-05,-9.83164790306017e-05,3.46879209727999e-05,2.8679865949311e-05,-0.000831449893211123,-0.000755815825135257,2.49967495383049e-05,6.53892678890571e-05,-9.14472876584285e-05,0.000263851824295818,-4519.85344062051,36.972035043986,430.378060819916,11.4552755138472
4.82209794125376e-05,6.96760126614373e-05,-0.000298096329882714,-2.55247545812393e-05,7.02043634832004e-05,-8.00014327156139e-05,-5.22214036280757e-05,1.71576887710621e-05,-4.45933493369216e-06,-2.18333159345287e-05,3.24929219161568e-05,-1.90656400769143e-06,-1.37500598608305e-05,5.044051625581e-05,9.97772640840396e-05,-0.00011374028324854,-3.84294616623158e-05,5.47944614164064e-05,-0.000392512277893907,-3.64299043140496e-05,-0.000101223501478145,-3.51525607701586e-06,1.11721959924772e-05,4.46593285441775e-05,7.68712093990945e-05,8.74847428881187e-06,0.000324724776091687,-5.60479925095129e-05,-7.10658373851141e-05,1.21597010029134e-05,0.000119756218328618,-4501.63549460573,38.2792642394946,420.214926237785,11.3541492167012
0.000285020132301686,-0.000763998444960223,-0.000239201162763748,-3.72997111829024e-07,-0.000442517095694636,7.27226498299979e-05,0.000277701401931684,4.91851631338503e-05,0.00539617273750906,0.0010103454036188,0.000420098456712305,-0.000919256486748448,-0.00028537810840429,0.000738600923448896,-5.60006946206408e-05,1.33765853548418e-05,-1.11051875248849e-05,-6.33490760981341e-05,0.00196012572606375,0.000250818855232394,0.000110097985824272,2.66742822688596e-07,-6.08119650128388e-07,9.91484169397146e-05,0.000101944545350509,-1.71448413234877e-06,-2.33330723908304e-05,-0.00013657814774539,3.62502902170198e-05,2.96533950931229e-05,0.00110690188911166,-4472.14747176265,38.0505461996157,426.050454743229,11.4650613223285
1.54593737055351e-05,-2.27553524225722e-05,-2.18348663468408e-05,-2.96310267216988e-05,-9.03003478968264e-06,2.30358712563872e-05,-6.24170599498864e-06,2.99277838237962e-05,9.94856424499721e-05,9.49669936684162e-06,5.97965683363592e-06,6.3564814785763e-07,-1.99195384542019e-07,-5.95980053904457e-05,1.52103800455854e-05,-5.98306024663805e-06,-3.18750521283972e-05,-5.27528917249588e-05,-2.01679892935613e-05,2.46295855056369e-06,-3.69066642548343e-06,-1.62421796654528e-05,-8.63957707286837e-06,-3.79519648695442e-05,1.33376116244286e-05,0.000116196321961209,7.92667576705858e-06,7.15726546344838e-06,0.000102412665732174,-2.51279920727785e-05,4.0174065615514e-05,-4436.65487928586,37.3360346336736,418.034258443975,10.6139632458356
5.79175303902e-05,6.36664869496799e-05,3.14153342664809e-06,-1.08220112103247e-05,5.88001130281143e-05,3.68313186491222e-06,-2.55240149555234e-05,-3.9494071261978e-05,-6.04009487590701e-06,2.98671503061034e-05,5.2437205978381e-05,6.7962573324259e-06,2.75644281469652e-05,5.20107447519339e-05,-2.12350590479526e-06,-7.43530010929059e-05,-0.00184207846693807,0.000334856971855334,-3.0218443701783e-05,-0.00022929488322319,-7.04636380275387e-05,-0.000215907918457515,0.000945590032445434,0.000801604257585689,7.01182778170026e-06,1.51360436617963e-06,-4.8950267264852e-06,-2.90193750656561e-06,-5.27308552727037e-05,-5.86138886295591e-05,0.000415507805063348,-4493.06991971871,38.1084018204506,430.275270478605,11.693895591529
-0.00010110338897048,-0.000543660494099982,0.00352094422831588,0.000261200132398371,-0.000215454535929219,-0.000406524542259161,6.46523969866249e-05,0.000786446185183581,0.000247813309322164,1.34196889093894e-05,8.40500385218034e-06,7.94697200222466e-05,-2.5308981627284e-05,-0.000126856047558579,-1.56545177958898e-05,-1.01162011842278e-05,-8.42351549154001e-05,-0.000385637433350935,0.00077679151409609,-0.000183793388025088,-2.33721356515892e-06,0.00022005460507102,0.00016864213634711,-0.00010881870862854,3.64132240399961e-05,1.65306386167601e-05,-0.00207124808450233,-0.000194535925181444,0.000119027238214974,9.71845698360527e-05,0.000794256742539686,-4528.69159682756,39.0470940991519,434.575814576792,11.9638766791077
-4.70734512975528e-05,3.65130424654115e-05,7.08588088931938e-05,3.84917489146627e-05,2.14525307408069e-05,-2.77119236941343e-05,3.76003401899308e-05,7.41854190298173e-05,0.000109520682982962,-1.09497744911943e-05,-4.44261791694264e-05,-6.10111414545975e-05,-9.71709360819773e-06,0.000176419277968696,-0.00017278164360746,-0.000258702989585866,1.51698366206531e-05,0.000506707135621989,8.64390268085198e-05,-0.000121805422588947,9.15318369622095e-05,-1.53425875133165e-05,-0.000109489955240337,-6.73748855751475e-07,-0.000211687866210471,2.01916266612319e-07,4.96646445343803e-05,6.14455694652016e-05,0.000141357861729873,-4.82358153803894e-05,0.000133823505133042,-4410.39187763386,38.3991215105822,420.91955956767,11.0604451499093
1.15109467866961e-05,-4.71108868953521e-07,-4.06518638346283e-05,7.27342111350553e-05,-0.000112685443462107,0.000100840144511476,0.000478378704324783,-0.00547647719148837,-4.23735397638514e-05,-1.37281227875417e-05,-2.6734444914635e-05,3.01004015843513e-06,-6.04428688605077e-05,-3.63496591797423e-07,-1.9016072387871e-05,6.3539684170442e-06,1.37860149280185e-05,-3.46979593759716e-05,1.86416526965869e-05,6.56424177514351e-06,0.000273678579931136,-6.32673232621773e-05,0.000518763144099249,-7.67415959748778e-05,-7.27685330804073e-05,0.000167750826182619,-0.0265544124251745,0.000148039835450219,-0.000106805083665221,-0.000121224230154408,0.00495254587466278,-4533.4098493754,38.7943050515758,441.141657798175,11.7997848969817
-5.64781827178854e-06,3.75722250626136e-06,-1.60502786109481e-05,1.12248579106853e-05,6.73376477005046e-07,3.63472293679396e-05,-9.00058388437794e-06,2.60195395344419e-06,3.48706026331612e-05,5.54672763289476e-05,1.15811748821205e-07,5.07844405278001e-05,2.80195905540247e-05,-9.20238323020378e-06,2.61916556914721e-05,-1.84184328521499e-05,-2.22559928392752e-05,-8.64037717614998e-05,-9.96906498054598e-06,1.13047503757891e-05,7.58051644032198e-07,-4.94045082282113e-05,-3.06873443438679e-05,5.70065605563715e-06,-7.64674628928671e-06,-1.48850023760225e-05,3.82576543253439e-06,-5.97600432628805e-08,-3.66690321563811e-05,-5.05797132987114e-06,2.82100692978219e-05,-4504.66566624908,41.096824359423,431.090324454514,12.541722877489
-3.17378590797938e-05,-0.00010651038033266,0.000509898148952725,1.87123186160681e-05,-3.49744213175124e-05,8.44077683852365e-07,-1.71386266759127e-05,-6.26189160032878e-07,1.66965272341718e-07,0.000187791025388244,3.02520672220184e-05,-1.3802130786599e-06,1.18821227314736e-06,-4.03664057419221e-08,-3.34559424881173e-05,-6.80080197564956e-05,3.07481844412559e-05,5.49372333204294e-05,5.04610773160763e-05,-2.38999944835504e-06,2.85426142786047e-05,0.000308178887829835,1.93416112554561e-05,-7.35671781203172e-08,1.78526420973553e-05,2.60255716986501e-06,-6.52031052945725e-05,-4.51586027256201e-06,-0.000300744362632773,-0.000165659054040756,0.000134326776068057,-4485.97557839792,37.8077150802661,423.873443714866,11.5728480109174
-3.9450666948366e-05,-1.45365348311857e-05,5.43841230704433e-06,-6.92938878044621e-06,-8.70174759506865e-05,4.29416605749728e-07,0.000110335271509762,6.49460642624515e-05,-4.70151768390451e-05,-9.47054153922964e-05,-3.00569423296423e-05,-1.98298878540293e-05,6.42800956780694e-05,-1.23767332031237e-05,0.000112344378573624,1.74295289055582e-05,2.47301433000779e-06,2.98176514113008e-06,7.30826530935304e-06,9.39648664256126e-06,0.000122198760055616,2.03151146243761e-05,-8.51490337179083e-05,-0.000126586370021433,-5.2461002499334e-06,5.01223134390261e-05,8.42838877021848e-05,-2.17588049122596e-05,-0.000132838441213451,8.57950260386675e-06,6.37988407271064e-05,-4443.68171001852,36.8648063051576,437.291795097548,11.7040970130153
1.86846930287511e-05,5.99140897235068e-05,-7.81123753276624e-05,-2.05906556109775e-05,-1.56691800003738e-07,-2.27227146154248e-06,-0.000250566017023541,5.65130496339765e-06,6.70842885059668e-05,2.08590779716037e-06,-2.98470784165281e-05,-7.57063404692526e-06,-1.27204439632626e-05,-2.0360493675002e-05,1.13873233737726e-05,3.78196020487622e-05,-1.70228561670911e-05,-1.90606611469385e-05,3.19863668186714e-05,-6.29107737792692e-07,-1.24486062663971e-06,1.601767013044e-05,-6.44816647860384e-06,-4.50795219060214e-05,2.00327516252972e-05,2.6866708284703e-06,-1.71645180154644e-06,7.09068989774871e-07,5.13598201189279e-06,1.72666633360712e-05,5.34225040070313e-05,-4491.93800222863,37.5296622145549,428.453236827917,11.138325129177
-3.68131614730726e-06,-5.80855426845285e-06,1.72302637423164e-05,-1.00653070848323e-05,-3.18701358443151e-06,9.44013833310381e-06,8.25040512568553e-06,5.75147135690387e-05,-2.45716311220479e-05,-8.16200561944518e-06,-4.76321037261096e-07,1.85215133189021e-05,2.83018894254921e-05,1.161125063891e-07,-7.69882775189806e-06,-2.46440856544777e-05,-1.20424700921526e-06,-9.11210225614748e-06,-3.66898701352978e-06,-2.09157876680116e-05,9.12189856940603e-06,2.29754996849282e-07,1.05185013499277e-07,-3.18151468632746e-06,-1.48494550399337e-05,2.13075895386449e-06,5.70153341160367e-07,8.53409810726443e-06,3.17142131707216e-07,-1.42474970461539e-06,1.56324220788823e-05,-4510.25210455047,39.0555026128781,422.888092008183,10.9984951769768
-1.70288520688378e-06,-7.1267548966429e-07,1.45668678609322e-05,9.21226112638066e-06,4.7604463884974e-07,1.93694518610756e-05,0.000100036562995823,3.92186000107751e-05,1.34916891612184e-05,3.18126803733736e-05,-1.50955977916896e-07,-1.04204529341104e-05,4.96218946871899e-07,-6.45477382794436e-06,-2.03620911976833e-05,1.57496908203393e-05,2.90039691071064e-06,-7.82505743360201e-06,1.05003210332292e-06,8.10379163590812e-06,-2.10936801897614e-06,-5.08845261436448e-05,-4.76979920675433e-06,4.50606687428794e-07,1.09709562875029e-05,1.85976428972485e-05,5.07278372566552e-06,-1.89193683874471e-06,-1.82506155745818e-08,-3.32619188856188e-06,2.41441557212636e-05,-4479.97711404825,40.611361853892,416.481438005615,12.1883896916744
-3.90361738281731e-05,-3.97220437655941e-05,0.000383985232506555,0.000187896273314937,8.21080060866657e-05,-0.000173344521608643,0.000131525201275508,8.93540871998095e-05,-2.05244817241308e-05,6.00920385882767e-07,6.34597514476659e-05,-6.9888216235883e-05,2.69786484603903e-06,-1.77188189859906e-05,-2.60550454574008e-05,0.000193146033135982,-2.83346859716441e-05,-3.17541773270652e-05,8.26944447990754e-06,6.84964301458828e-05,-0.000454238703279407,0.00123950939470257,2.71973438614679e-05,-9.11628573680061e-07,-4.38716954333839e-06,-4.01844438562498e-05,2.78111197309252e-05,-0.00536369797183022,-1.16861781031932e-06,-8.43344200401583e-06,0.00101353058051871,-4511.97954271774,38.9345505151042,448.485885800372,11.8870865645846
-0.000121430533564927,9.20009639110968e-06,2.80203573618015e-05,7.98363869357649e-05,-1.37962698089159e-05,1.08470622409258e-05,4.65433020070586e-05,-2.52996142371208e-06,3.82183173109435e-06,-0.000256112106920781,2.86874884948213e-05,3.59949819203341e-05,2.66177521083708e-06,5.13263923202061e-06,1.75042750574829e-06,1.3674707788822e-05,-2.49544608464518e-05,2.32355888033303e-06,-2.07307384047289e-05,-6.74851574779702e-05,-1.84130433958516e-06,-4.93745396050738e-06,5.39196357526374e-05,6.26473247827153e-06,-1.1544372403599e-05,-1.96226728696933e-05,1.3428795515329e-05,3.18245665118396e-05,2.19615137846844e-06,3.1141604219366e-05,5.87912569528561e-05,-4459.41824411083,38.9559627509418,445.842301781151,11.8573417872631
3.29983088012886e-05,4.01489131774144e-05,0.000158122736819573,-0.000141908727002203,-4.8907726246069e-06,-2.23325885765966e-05,-0.000102827551372091,1.15567736517858e-05,3.49325745588227e-05,-1.23350031213946e-05,3.5541472206514e-07,-1.32085414158204e-05,-0.000127106983661425,-2.72148842012965e-05,0.00246057780404633,7.3455743811382e-05,-2.20942274613562e-05,3.31899553514902e-05,5.919598300422e-05,-0.000691134958191558,-0.000235534424510335,-8.58593714731644e-05,0.00076830253247198,3.1226755631949e-06,-1.59814554714569e-05,-5.34924843491938e-05,-4.75165306091619e-06,6.43415615774441e-05,-1.05973960069053e-05,0.000415798203570167,0.000498448999386073,-4489.01806447244,38.5772894877506,421.005469703971,11.5852988322154
2.41340629548779e-05,1.73328021819564e-06,7.52078410068827e-07,-1.63466340004004e-06,-4.85901346618474e-06,1.2127822965773e-06,-2.10752720594277e-05,-3.50264410264676e-05,-1.2834935044426e-05,8.79966296522291e-05,-2.77709202334854e-05,-1.60349482753711e-05,1.44508441102393e-07,1.83680702903587e-06,-8.86529243414859e-06,-6.70594362291433e-06,1.65518636100936e-05,-2.47071567806896e-07,-0.000105159615779085,7.9769053608869e-05,9.45835299746769e-06,-0.00041444540019287,6.18007383380373e-05,3.41642943357056e-05,-7.74465634032989e-05,9.52204708771026e-05,3.20965389242881e-05,3.47201320887036e-07,-7.12416160588571e-06,2.84010662828628e-06,8.60307943321111e-05,-4510.29575448766,39.2494510587056,435.447416410885,11.6368443500445
-0.000163253500086408,3.10942100427324e-05,0.000103991274398359,8.84694207965699e-06,7.71452387701883e-05,0.000754928734475359,0.000439543551891878,-0.00726681128730001,-0.00186931965625192,4.77806298037169e-06,-0.00137841086637388,-0.000691953017521019,-0.00167939540153013,0.000643828528811299,0.00518692180962535,7.35279016333871e-06,0.000238015254976928,-0.0197940237724107,8.48450268297088e-05,0.115258671607266,-0.000186026616269623,0.000326612653651896,-7.95458971110938e-05,-0.000218139948152817,0.0537937223008623,-2.07468051946829e-06,-0.00108497912089767,-0.0003023360795188,0.00295955302550464,-0.000146827823283936,0.0235726281094249,-4544.23555415834,38.2085366339796,451.710528161585,11.4932919689328
4.20772532867974e-05,-1.04911078059998e-05,7.48343680924326e-05,-5.28104775850103e-05,4.25201783843778e-05,3.17620384296552e-05,-0.000135275662851241,2.2009915353223e-06,2.86445150222041e-05,2.4176013571882e-05,1.68354165997138e-05,6.17402745421761e-05,-5.0224253051359e-05,3.66710186463091e-05,6.24813803610656e-06,-9.15353948791669e-05,-0.000122285776861271,2.79097290570042e-05,4.29526520267383e-06,0.000211904531045439,2.02240677616443e-06,-3.37345300701921e-05,3.47340800112493e-05,3.85713590204123e-05,-6.98613422674908e-06,-1.70004471875124e-06,-1.12622528552375e-05,1.64356226606478e-05,-1.35999431150436e-05,0.000366110376543758,9.09830765086022e-05,-4532.00777826839,39.0490382842245,419.14943484326,11.9808053931833
7.41320253162516e-05,0.000229426410529363,3.1762166894145e-07,0.000218995694898363,7.88196810673286e-05,-0.000542449012983125,0.000145871805085126,-0.000845198267506526,-0.000423683845353617,5.14773111881136e-05,-0.000125468317125648,0.000258529717801917,4.82322034992021e-05,-0.00197643655390468,5.85202752618413e-05,0.000824924339359308,-0.000122488460366083,0.000128921165025331,1.41248362798436e-08,-0.0667169287568841,-5.14422005677024e-05,7.52842423760226e-05,0.000894749127586494,9.91395900960091e-05,4.14958013536706e-06,-5.4185741826749e-05,-0.000398687719728299,-6.76190764611856e-05,-0.000122018847383776,0.000346103771639244,0.0121905695291087,-4507.30487745758,38.3642290077866,442.49805776229,12.0219421861972
-3.21361467410525e-05,1.288657908401e-05,-7.11586611772261e-05,-7.38702759467083e-05,8.07750049598421e-06,-4.70504748314067e-05,0.000269088158229565,2.47506524745594e-06,-3.12154923741053e-05,0.00275919746685116,-9.67594521811266e-05,-9.21098920291783e-05,2.51711596787082e-05,4.78355160346882e-05,8.25965273593883e-05,2.57391393031868e-05,0.000124235318002059,1.82518974315941e-05,-7.09088467003508e-05,-0.00101231073578442,-0.000340923673932285,-1.46551277492591e-05,0.000127854338692288,9.93970429321139e-05,4.30873228543395e-05,-1.43853574286476e-05,2.76072977160921e-05,8.18093885228148e-05,3.06428707520057e-05,3.05645807866051e-05,0.000545540752175493,-4430.09926501338,36.6301810461337,423.511496297565,11.6739356568302
-7.36671292582421e-05,1.1121247665409e-05,-4.45190084490188e-07,-7.51613005959475e-05,2.19682358940098e-05,5.16392874934726e-06,2.16323559674428e-05,2.32748706911325e-07,-5.04254966144847e-05,-1.35381879437078e-05,2.83632637040771e-06,3.34150809689726e-05,-2.49077524998553e-06,-1.62259966222314e-05,1.37337512510732e-05,2.36567035802309e-05,-1.34002487951294e-05,-1.06359590176153e-05,1.02594968373159e-05,7.38068969914281e-06,-1.64727180911708e-05,-3.41295049568955e-05,-1.69990885968192e-06,1.80637560635843e-05,-8.49095286928773e-06,-1.65725783029054e-07,-1.03305778345316e-05,-4.81031211181045e-05,-3.50087267002203e-06,-2.78934577030127e-05,2.74143749629371e-05,-4477.91979176785,38.9025065375361,422.094138987785,11.7892711990647
-3.5509898341275e-06,0.0013584681742282,-1.57437298432505e-05,-2.57565690471176e-05,0.000223659257308086,-2.76330362598093e-06,-2.69476494906416e-05,-0.000113262750217993,4.63770496241399e-05,-2.58141586433676e-05,-0.000204072066484345,4.32001538342329e-05,0.0006541179872341,-6.22469199702869e-06,3.49216837452469e-05,7.68236202676753e-05,-0.000245200978002184,3.93528841641209e-07,8.28206734358872e-06,-1.58778612791639e-05,-8.90876377533223e-05,9.65240648375661e-05,-6.44744795269069e-06,5.51934252710152e-05,3.1099400647547e-06,-1.3375929351204e-05,-1.13951280854348e-05,3.7064204937042e-05,6.91007687869079e-05,-3.98301759130747e-05,0.000287526464606121,-4500.12577979733,37.1281447128741,426.243728018736,11.1062292147682
1.51365701526364e-05,8.58524245931389e-07,3.94543836327671e-08,-0.000102062731952267,1.49364062389711e-06,0.000224850144182118,5.01659274911608e-05,-0.000226237151452452,5.0737355420066e-07,6.19256853456544e-06,1.4458189944289e-05,0.000101447505132178,-6.25436113562101e-06,1.46260227376921e-06,-8.05511628910204e-06,2.57433988518641e-06,7.41352147421242e-06,-9.70168777359499e-05,-4.48870103325953e-05,-0.000211793611560738,-4.56255292816528e-05,1.0047458861113e-05,-3.11597983453362e-05,-6.70844025606968e-06,1.58185509608786e-05,7.30310534783386e-05,8.17261009177419e-06,-8.90246866624236e-06,0.000331548508375239,-2.19524231211622e-05,0.000100205068117508,-4535.90293072321,38.4951272698323,420.768986848933,11.053574071081
3.04695520424974e-05,-8.70113935282822e-06,2.02428731431929e-05,1.8176725597025e-05,-2.05412380047904e-05,-3.34029498781049e-05,-2.74766832467733e-06,-2.30482471335209e-05,-0.000829609973911414,0.000364488791769556,-2.57537898495469e-05,0.00118607048874313,5.17667590332976e-05,-7.68967802819483e-05,0.000136340391725238,-7.36011624285328e-05,-0.000331989655828678,4.82219066395044e-05,6.36032857767894e-06,-0.00134263296020383,2.5910027627758e-06,-2.17198627589408e-05,0.000620160483994346,-3.32603895116476e-07,-0.000397739083005566,0.000150103726679292,-0.0579412353486448,-7.59098875184261e-05,0.000130003641488695,0.000285085876452421,0.0105862122483159,-4548.81388130436,38.4989053288839,433.292534992052,11.9728056691285
1.1557056815538e-09,-0.000949589886521239,-4.15130318083521e-05,1.51028899077238e-05,-6.75981687758485e-05,2.9129409242591e-06,-0.000126987571385418,8.75289834655832e-05,-4.13073765167194e-05,2.93195723441346e-05,-6.30625213015738e-05,-2.37976897494625e-06,-5.66855136988181e-05,-5.08186086889129e-06,-2.6924104777378e-05,0.000989286927571349,0.000358758066024304,-8.49768860161456e-05,0.000149429185221607,2.38395506548945e-05,0.000300956582735498,-1.92886576527163e-05,1.294424374542e-05,-7.3934991741562e-06,-0.000428361208759822,0.000179865860219959,-4.83991088639591e-05,-0.000276085286929836,-4.23307743081842e-06,-5.47772441533531e-05,0.000286860167502878,-4476.59238701939,38.9870943335455,418.692898088748,11.6451964176944
-3.41142015910184e-05,4.58829707322895e-05,-3.66365756117032e-05,-4.39844102678366e-06,2.16291844431716e-05,-6.62054742417517e-06,0.000201665092167126,-0.000121047168528363,-8.27138559317075e-05,8.6066715511739e-05,1.27017210159149e-05,8.07199212786283e-05,-2.33430955914446e-06,8.04233943723276e-05,-5.06232851596568e-08,-0.000178040252366991,-6.60037905026555e-06,-0.000121723600905924,-4.63342524394801e-05,-5.6221327230784e-05,-4.58657985662754e-06,-3.70022581710246e-06,2.884505297374e-06,1.44173753904904e-05,3.29838958439561e-05,-3.97000586975642e-06,2.15686878497591e-05,5.67719976369089e-06,4.531952821265e-05,4.69463632636924e-07,6.91942492787601e-05,-4501.13515022026,38.9324838851918,443.191362300446,12.5224252019591
-3.22800504428848e-05,-7.28312884450884e-06,-1.48147207306149e-05,4.35090958039345e-05,-0.000116711301943128,7.27531938240743e-05,-3.35932521464524e-06,6.21670997329594e-05,0.000206703162233932,-0.000320643465862287,-2.48195552444242e-06,3.66543454401691e-05,7.39878719278691e-06,3.65224957225032e-06,0.000197526281006189,-0.000190390678474444,1.20967901754303e-05,-2.77184462939976e-05,-4.23052420814187e-05,1.38980437892999e-05,-1.71014705897504e-05,7.4486595728267e-06,-6.47609861693968e-05,1.79209079098766e-05,8.51978356394751e-05,-0.000202770458835007,1.33242331951228e-05,-0.000169395114733533,-5.78477838141462e-05,9.61898640274297e-06,0.000105934867940802,-4467.12341809081,38.6913803326234,430.96423645489,11.8985196666787
-1.24800323271438e-05,3.15409073043762e-05,-3.70589313409305e-05,-0.000447395402145612,6.11577564255972e-05,3.19729526693457e-05,8.39398721509697e-08,2.24987954685152e-05,-0.000166985731083446,0.000190056013434867,2.63164956693582e-06,0.000185928664112199,-4.64420846470364e-05,-7.27011159707486e-07,0.000413888729717023,-0.00103335789649136,-3.63917044229851e-06,0.000289188600326828,-2.4751729260805e-05,-0.000274084626871949,-3.33549598844406e-06,1.93300128079637e-06,4.3424630399556e-05,-2.51407061374584e-05,-0.000143798147735467,-1.31560182877394e-05,8.22032163891863e-06,2.23778114753598e-05,5.70386470374654e-08,-2.20357583567005e-06,0.000240219496347742,-4401.85305777373,37.7328238167576,411.634562498808,10.9064369128972
0.000288196342216837,-1.77172895047374e-05,-0.000117115098470181,4.74256282022377e-05,3.6233366014935e-06,-9.73079862792837e-05,0.000246129400837639,-6.17527217623429e-07,-1.38702915259153e-07,-6.27524999343574e-07,-0.000119032115642998,-5.81776197103876e-05,-4.13218976906571e-05,0.000141869981561907,0.000240974531202813,3.17816044973167e-05,4.91449191638042e-05,8.12651448224729e-05,-0.000307385651459025,-2.33101310285742e-05,-8.71137192231046e-05,-2.67976563864372e-05,-7.89390824677085e-05,-3.84083594392323e-05,-8.26440845435883e-06,-7.13605753044573e-06,6.30134562652566e-05,2.20780804756711e-05,0.000154339314983131,3.45657562673452e-05,0.000117971762912591,-4462.77589880569,37.6688355483146,459.248133295393,13.7515881003707
2.85444714095787e-06,-0.00080732902000943,-3.01381581722812e-05,-0.00017675573399754,0.000259501546339985,0.000115310158418889,-0.000129767259204299,0.00163320812172624,3.57473971038222e-05,8.65495607610967e-06,5.5464824631721e-05,-9.04279983259043e-05,-4.52496500217375e-05,-0.00182595849379761,-0.00120930347880044,0.00011552128525359,0.000318953828720021,0.00117972154195981,2.74059816078581e-06,2.19380590913174e-05,0.00399395954479403,0.000241024847578213,-0.00198030283698424,-9.38346010292751e-05,-7.19234992297473e-05,-1.14473052582953e-05,-2.78809408877562e-05,-1.80735113937494e-05,-6.42961419767848e-05,0.00024063674883767,0.000996258747604517,-4472.83254284189,39.3586179506108,421.418125699335,11.8234031049521
2.4232074365256e-05,-1.52833317639275e-06,-1.98726623137256e-06,-5.52024157652058e-07,1.68385598823835e-05,-1.03157837780307e-06,9.43179992245057e-06,1.51402885697351e-05,-4.37026198959936e-08,-2.14528349959764e-05,5.84014585618458e-07,0.000106019693139896,2.83838019292735e-06,2.44414495845063e-06,-7.40820480712686e-05,-1.2926043775263e-05,4.16532957072295e-06,-5.80575207819088e-05,1.45493656873854e-05,-1.14683191057137e-06,-4.8680673188153e-05,-4.75991575132589e-06,2.07305875825165e-05,2.19733175980781e-06,-4.07141257744123e-06,7.14136786002629e-06,-6.85593386822064e-06,-1.08938618409558e-05,-1.91794920612938e-07,-4.21904797949392e-05,3.00044335389137e-05,-4427.50126745631,36.3020977214392,431.996583234653,11.0737051343639
3.66512702068985e-06,1.91214196922778e-05,-5.47091860178347e-05,1.22419817270902e-05,6.17781055599782e-05,-6.80967564294008e-05,0.000245785151744136,-6.13992870733092e-07,-8.00657230508129e-05,4.14704659921856e-05,-8.71253551976162e-06,1.29432625243526e-06,-9.63674654732789e-06,3.59808967311048e-06,2.05382827676992e-06,9.15573532862637e-05,-1.71848202058846e-06,-4.00097762786129e-05,4.69556882792497e-06,1.08645797726665e-06,2.90578916276011e-06,-1.93073131190971e-05,-0.000589533170168163,0.00017384104694673,6.830537666554e-06,-2.60719985011209e-05,0.000142170895490481,-1.5850308542477e-07,1.37420096973704e-05,-2.03036321113226e-05,0.000127854793872883,-4507.23121459617,39.2289987453921,425.308059398755,12.4445194019918
9.81806332148712e-05,-0.000112670031863788,5.66207644622101e-05,7.73666255297279e-06,-0.017740620102989,-3.4898393154392e-05,6.78294437236835e-06,-1.92404281161074e-07,-0.000187052470448035,9.45762310613592e-07,4.15901605399517e-05,-5.38676041423871e-05,0.000120842645066406,-3.54270099504072e-06,-0.000162649665215935,0.000140744482417271,5.01762153350004e-05,0.000280651816456388,-1.19366323138586e-05,-2.9017085559589e-05,0.000105216960942492,-3.16972062474473e-05,-1.90186183472692e-07,7.74674991112792e-06,-3.46533706986116e-06,-3.84735485802652e-06,-9.85262491184324e-05,-4.84335953841332e-05,-2.7431518939046e-06,8.63753470689335e-05,0.0032402207585888,-4555.87613326627,38.3784829955437,434.931938505657,11.9638497790366
8.05411485515042e-06,-2.3536453376647e-07,-9.21900613387607e-06,-0.00214987577634966,0.000362912923666214,4.03338251040322e-07,-0.000330128823041508,4.06781503728359e-05,2.53049304603409e-05,0.000130332366602965,0.000256293092832474,-4.26963946252729e-07,2.53800692258297e-06,-6.33263153312889e-05,5.03000531104997e-05,2.31090907377118e-05,1.36712751791188e-05,-0.000290597179484129,-0.00234025299346767,0.000538935723560334,-0.0014306473330479,2.81323434335497e-06,7.47588827312011e-05,0.000180156291941746,6.01207708101318e-05,-3.26492611619383e-05,0.00639405135293017,-0.000376091495049068,-0.000152474199086512,4.26174535455496e-05,0.00134097740949488,-4522.14835940401,37.9499128554176,414.88678781049,10.7205366126733
-7.15578554110181e-06,4.41063136474646e-05,5.36722289685983e-07,4.39017688260225e-05,1.33105600524653e-05,-3.83500774273238e-05,1.7224702051611e-05,-2.15626011841575e-05,5.13915800004775e-05,1.07323925813367e-05,-4.0390263572711e-07,5.88213619796559e-07,1.17813409041037e-05,5.14982519026666e-06,2.25603947371787e-06,-1.89427393271135e-05,1.94470442864824e-05,-6.98148825010335e-06,-3.91395184171345e-05,-2.57484157195604e-06,1.1516374754783e-05,-0.000190625237258728,-2.21155827756218e-05,-1.62288954081686e-05,2.55508522117684e-05,4.05616207001527e-06,-2.12794552639726e-06,0.000311194674349056,1.10798949135677e-07,-9.60910343915055e-06,6.98609643887329e-05,-4485.87002557235,38.6659019023126,422.324468675856,11.8317914204693
-2.00864717507618e-06,-2.54160303552446e-05,2.23091556622385e-05,-4.89920988503046e-05,-1.23561226760172e-06,7.99708815256954e-05,-9.19989406917489e-05,3.69074336055684e-05,-1.08216650313985e-05,0.00015454389628553,-4.62991403966758e-05,-4.85475151048286e-05,-7.87736954700471e-07,-2.03780197562449e-06,1.42655051769753e-05,4.91581283066494e-06,9.15321721353215e-06,-1.31089426104858e-06,-5.49720894562223e-06,-8.78532678480918e-05,4.08279143886222e-05,-2.0413364741358e-05,-7.51556300680509e-07,-8.47848892701144e-07,-2.05532045580774e-05,1.96630916499024e-05,-0.00019014279930257,-3.51101545264856e-05,4.28627469416364e-05,2.13900723333445e-05,5.74207445245812e-05,-4529.97109835726,39.2271943892899,416.604732734803,11.612453723106
-1.24189238559926e-05,-1.135957891746e-06,-2.24810586245632e-05,9.21034986969725e-05,6.41434600962425e-06,-2.2629030184742e-06,9.21268382655147e-05,1.0641145107887e-07,2.64140056561244e-06,-5.52692890937322e-05,-0.000214111570146254,-2.36703571424184e-05,0.00025995771719467,-3.90444945468014e-06,-2.56560025197167e-05,6.91308629782707e-05,1.44619417747855e-05,-0.000192714692859799,3.87548870633669e-07,-7.99385458183172e-06,-5.7017241195481e-06,1.97907818090983e-05,3.27360102431254e-06,-0.000191739194862845,2.36312008204703e-05,1.8249642398648e-06,-0.000318004189811972,-4.0230452955624e-06,5.26401035550892e-05,-1.00453644404972e-06,0.000103160306704291,-4593.1526790584,38.5527756626709,440.628420760021,11.4441119508635
1.56689141372307e-05,1.12970175044116e-05,0.000159332490493003,-9.96213493761524e-06,-0.000645849642913969,3.31577716647549e-05,-0.000100133336524897,4.42870538158577e-06,7.73988037176575e-05,-1.11848932667991e-06,-0.000113724270335359,1.26979769557278e-06,7.07487724974281e-05,2.71973265863054e-05,2.9188524511429e-05,-8.70261482689831e-05,7.05659891805231e-05,2.33458766238707e-05,-1.2529181049576e-05,1.85461727504743e-05,0.000258054408805091,9.41538057838046e-06,2.79440961488085e-05,-9.09524589933949e-06,-0.000184682964757084,0.000223717371235465,-0.000102248804991159,-6.74044303933168e-06,-1.03667441238249e-07,-0.000447322708441051,0.000168873616847787,-4473.74660545004,39.5851499423547,422.242857455978,11.447053830022
2.24878969678207e-05,-5.2531573326237e-05,-8.25610032268626e-06,3.66767969063439e-05,-5.37118027679359e-05,-1.35881554042029e-06,-1.41514511084376e-05,1.88360069469515e-05,3.86944794351716e-05,0.00240657107657598,-1.08522490692296e-05,6.16560516164712e-05,-0.000375555366371957,3.6080083066458e-05,-2.32596998331776e-05,0.000456151276820184,0.000225009575342065,-0.000457739887539324,2.09401165936514e-05,-0.000118281791433705,-1.95169976281387e-05,3.92394117970894e-05,-4.44948275452601e-07,-2.64436201431543e-05,-8.72987280197712e-06,-0.000282936649474198,-1.97180278276525e-05,-0.000115322471455119,8.85071974920145e-06,5.94091624640647e-05,0.00046657294707513,-4515.23917738986,38.2961155770049,422.792952017548,11.6081462737252
-1.76160165342833e-05,-9.57644256260841e-06,7.24874016256408e-06,-3.95139536988688e-07,3.01836730232736e-06,-4.66263120370383e-06,2.05253348156512e-06,4.86425807063611e-05,-3.83826759273114e-06,-1.00025449844576e-07,-3.27459724312879e-07,7.31428114377771e-06,8.02553781287314e-06,-1.74486269252581e-07,7.45391412590505e-07,-2.42126753125938e-05,-1.59385510181833e-05,0.000133932410098177,-2.11912121112285e-07,-2.52504471875087e-05,-5.94558041434846e-06,1.61818383980968e-05,-2.83294331900125e-05,-7.03598320087776e-06,-1.25758705775123e-05,-1.71375341171826e-05,-7.5622756064413e-06,8.35430318625538e-07,5.63814235732326e-05,4.29103182197612e-06,3.01448320886876e-05,-4538.76917877509,38.7041878937476,427.315554576384,12.4872855093932
-9.20538591217746e-05,4.45577441373061e-06,-6.42240533049606e-05,-5.75525502401008e-06,-3.42159432192961e-05,-1.3841329835352e-05,0.00293596892237689,2.1894923035271e-05,1.56426631739559e-06,4.93104233127152e-05,-1.18653316630796e-05,8.7673857206706e-05,-1.02767634312468e-05,-3.04347491319233e-06,-7.01542087645591e-07,-2.10025201903722e-07,0.000229995233461152,-2.05490247848023e-05,5.61129578408771e-07,5.15882776863476e-06,-0.000751127697341592,-0.000185146668727035,0.000146556236548456,2.95583988073736e-06,7.18076272112366e-06,4.67070094971102e-05,2.78027360764631e-05,4.84914058884242e-05,3.06893040586091e-05,3.42922265341265e-07,0.00055750604600136,-4449.56345171522,37.9681737177177,443.885101709566,11.897413150526
-0.000195449613498209,9.58859915794729e-05,-9.62084560594704e-05,6.87803924885396e-07,0.00011316039880982,-1.34446064668841e-06,1.91657847045014e-05,-2.72495827137939e-05,6.5506783931947e-06,-6.81180185025298e-05,-5.20314957416573e-05,5.02091737724651e-05,0.000364483244064567,-0.000140180005877318,3.46848556273547e-05,-0.000100297368249789,-7.79736442130021e-06,-2.16289671952163e-05,-0.000277941869620505,5.55745366080692e-05,-3.04105150467578e-05,-3.0569649824581e-05,0.000107901634330753,-0.000156644398119265,-2.02504575390824e-06,0.000581278419353765,-7.7027712789021e-06,0.000131843664518228,-0.00116359709053609,-0.000182188959061495,0.000264929587985784,-4436.84898836046,37.3377564355363,408.945813091242,10.7145498046969
0.00291323905578595,-0.000164499057856476,-8.29261640063457e-06,8.03776101424107e-06,0.000111041598509063,0.000488476288076905,-0.00126694197715827,-0.00398632613483366,-0.000121194688472458,0.310514319592989,7.33281270627224e-05,-6.41694016480998e-05,-0.000157682718260369,0.00133056945406566,0.000306062750592821,-1.89884211789793e-05,-0.00043511394915602,-0.00171727833944111,2.83986306960891e-05,0.00122703206470986,0.00199969229590291,0.000300265703743118,-0.000504263206472079,0.00016849365283345,6.9588620585693e-05,-0.000604014021819728,0.000205544979574776,-2.1771082175794e-05,-0.00099480459499316,-2.35871550538848e-05,0.0567032439329999,-4500.51914905204,39.4028607008391,436.764679556161,11.9823131418737
-2.28711424106666e-06,2.09626400100612e-05,-1.24766572106838e-06,-1.04063459790097e-05,2.34249635169773e-06,-1.93641291364446e-05,2.38732181620737e-05,-0.000117098537239548,-6.29325056987675e-05,7.64107624386821e-05,-4.77986000519298e-06,-8.40726848270707e-06,1.60140145290614e-05,-7.78791030902516e-06,1.57380805233151e-05,-6.62484284123786e-05,-4.15897946669071e-05,0.000196763378966103,-1.31721691716738e-05,4.19270481351491e-05,1.51189181869857e-05,-0.000192844427843028,8.69845996967471e-05,-4.40303969781129e-05,-2.32817424389136e-05,1.89463798833281e-05,8.661336881621e-05,-5.43375676669424e-06,-2.87492894747653e-05,3.88287071415788e-05,6.58607905515889e-05,-4465.66632585107,38.918247534974,422.688700984654,11.820187214409
0.000333699691887476,-0.000539633373083486,-5.22716344499195e-05,0.00506281648441318,-5.61001447717998e-05,-0.000536844324310345,0.000222279810982797,-0.00098475525383015,-2.37712307809607e-06,0.285142251025934,-0.00407149961195286,-0.00270834472679744,4.99576945211042e-05,-2.6150896708702e-05,-2.2749292308302e-05,0.000364386212739769,0.00204352658637708,-2.24195679649498e-05,0.000207530316441935,9.18998672711153e-05,-9.5185624282964e-05,-5.60750475339764e-05,-6.43611549981434e-05,-5.66059426608171e-05,5.43275716755555e-05,0.000615976799744585,0.00216873160468312,-0.000302593544904976,-0.00117952664514693,0.000657493833336854,0.0520796660359828,-4539.25496587184,37.7581834452633,415.76836986084,10.7427171672798
-0.00011181676478085,9.00222446605528e-05,-2.7203772982826e-06,-4.8290143700371e-05,6.42051674464543e-07,2.94589604501691e-05,7.88698675225687e-06,-6.12624056314677e-05,-1.0219507175612e-05,4.34360210446612e-06,-1.58945920981969e-05,-0.000136527496819037,8.03921984610784e-06,-7.3740520873846e-07,8.01717901708537e-05,-2.52950087376306e-05,-0.000181132107741047,4.74299116509908e-05,0.000232076269285035,-3.57860019295319e-05,1.46134305579937e-05,2.62906866114641e-06,3.60709364066872e-05,5.69629733124389e-06,-7.05507166057879e-06,-0.000103551214237576,-5.73543357526323e-07,-4.42990727008425e-05,1.2646712213027e-05,0.000105089160242088,7.51597450393156e-05,-4499.88154650549,38.5987703271129,436.365751516117,13.1372033047701
-8.56767440020367e-05,-0.000404659231705989,-5.24129334054631e-05,0.000168162308985985,-1.14007504252516e-05,3.02390636829393e-06,0.000625641228750907,1.00129753096446e-05,0.00107008131032657,5.36904440556903e-05,1.15754449584077e-05,0.000189463689095469,-3.82571367591721e-05,-1.92321323849245e-07,-1.46898862072735e-05,-0.000276178533751014,0.000160452287513795,-2.92339409183266e-05,1.16366115757679e-05,0.000169505536758674,6.84984674374057e-06,0.000110531739284537,-0.000176203725692529,6.36515808287768e-06,9.25043433974318e-05,-8.22897045889408e-05,7.50956694312783e-06,-0.000226186313727305,4.80061369129396e-06,0.00217331675546754,0.000474145420301596,-4470.97058006696,38.0968910712914,446.132322555086,12.1609424303612
3.81998746787829e-05,0.000184495231351324,-1.19285096235621e-05,4.87957569451509e-05,-1.16576241355968e-06,-5.94167750430045e-06,8.54823279758406e-05,6.29587167228415e-06,-1.25098211268257e-05,-2.9034626841018e-05,-0.000443932125856811,-0.000100307410828933,-0.000224833699957948,9.83749206142744e-06,1.29740351223932e-05,-6.3439496262261e-05,3.56433146838098e-06,3.67720892345309e-05,0.00015614215586251,-6.92205289603001e-07,-1.68528818934518e-05,0.000154006006316368,-0.000131277950177062,-0.000147234661515187,0.000230170583455855,5.74233821880982e-06,1.59769147602607e-05,-5.17191003079069e-06,0.000141217850581177,-2.05356043716903e-05,0.000125259527445988,-4577.07946421491,38.0903336077769,420.768569158385,11.1254006534228
-7.29677933072827e-05,2.56303308486857e-05,7.31257195808791e-05,-9.08604939422001e-06,2.62536111651568e-05,-3.18890575726464e-05,1.29565046834029e-07,2.03855057054446e-05,-4.73506067476371e-07,-5.27156011201053e-06,5.9072232886714e-05,-6.67750417019937e-07,-0.000105535441828106,8.88276145491272e-07,-0.000105004413749675,9.08102278030941e-06,1.53768483793883e-05,3.50746587456035e-05,1.16012852460258e-07,2.84563240370515e-06,5.61116527705766e-05,-4.96525034779779e-06,-4.37696635495468e-05,8.80270781957688e-07,-3.79650079128756e-06,3.9911534086985e-06,-7.03528540767027e-05,5.39128466992934e-05,6.59521804670492e-05,-1.26089550045617e-05,4.40671630132947e-05,-4439.57916385271,38.0156271579676,410.225496904868,11.4304301589209
1.57421244816507e-07,3.69745354626366e-06,-0.00111907041921131,-0.000298346157793896,0.000250540041266531,3.79063482317438e-06,0.000111082239740975,9.81039766420823e-05,-1.01546008821406e-06,-7.17540033161302e-06,-0.000224889970014769,0.000114741722332817,0.000326623433602321,-1.27391177254228e-05,-9.74126213503028e-05,0.000111648596054545,3.45232623756271e-05,-7.63989181518836e-05,1.83270541714351e-05,-3.25557567929217e-06,0.000271417521761765,-3.83312364511395e-05,-0.000206440178732958,6.02911957538911e-06,-3.7966866245041e-05,4.37526310106467e-05,0.000171830327165927,-4.85846325298434e-05,-0.000678652622491337,3.06392983659033e-05,0.000273288636079015,-4464.31646927186,38.6850899801212,434.799386697915,11.4927303847112
-1.01845996938826e-05,-5.08210109212413e-06,1.22090017410083e-06,-1.30367612866927e-06,6.62191949271098e-05,-2.12107921206114e-05,-1.53821757965116e-05,3.21095106351056e-05,-5.38793219169239e-05,-6.90719648564823e-06,-0.000100660277199507,-0.000324192526091251,7.50242454760884e-05,-1.86936316261901e-05,1.26240628255208e-05,-6.32167681277461e-07,-6.68037079923802e-05,-2.0027010698099e-06,7.2332601050556e-05,1.30010283498539e-05,6.14966844739613e-05,4.98361102495869e-05,-0.000157770895619349,-0.000145464544172321,-1.93008104561296e-06,1.32163720413816e-06,0.000190303419239195,0.000219462537106035,-6.51701290524778e-05,-2.57900463837854e-06,9.68470271851159e-05,-4438.45764144431,38.3618005171613,424.65975345492,10.8253483480406
1.2166911311651e-05,1.04939463468199e-05,-2.65891904605946e-05,-3.56797694419882e-05,-3.43628816202615e-05,-7.55734609640354e-05,1.55237530642987e-05,0.00027282373352565,4.44291041167646e-05,-1.68209552602057e-06,0.000178264460539894,-8.56062134822247e-05,7.53046258883685e-05,-1.72274118600066e-06,-1.68154396298353e-06,4.16748838722938e-05,-3.41215058292701e-06,-0.000143653418928252,-5.95293786361892e-06,2.86903958121086e-05,-5.51090468411996e-06,2.29102502934728e-05,-6.78951213645742e-06,-3.57283107826048e-05,0.000389497517353928,9.23519910471634e-06,-9.95165534135373e-06,-0.000109977481755939,-0.000629991792474679,0.000144596568669275,0.000156787628176412,-4443.78883166543,36.9461460417572,436.306512839833,11.0828958595373
-4.45345874056479e-05,1.88906675835145e-05,-2.24549634714972e-06,0.000154548804974732,7.63806484028597e-06,-7.00904451805122e-06,4.31103143959679e-06,-8.83749638250306e-05,-6.31677538034969e-05,-0.000147617368407948,-3.32160450714221e-05,-4.33437925961246e-05,9.97955015381919e-05,4.85641788018612e-05,7.05500216363743e-06,-0.00036086869245819,-4.89118187818481e-05,3.21567660669598e-05,1.83289980198893e-05,0.000236996663336522,9.50786774781468e-05,1.32912272815811e-05,-8.28257209634159e-05,-4.10189427236243e-06,1.15390938860278e-05,-9.24306540546558e-06,6.90736929869666e-06,-4.59954652044746e-05,3.22416132998208e-07,2.40064910868275e-05,9.7383267742289e-05,-4538.21124001345,37.9922747346588,427.669121337744,11.9873669900258
1.53113587658804e-05,-9.6913466179944e-06,9.60736475626628e-05,4.22955421070923e-05,-7.64758169153164e-06,-3.52158971284982e-05,-9.89990028054864e-06,2.21127662845131e-05,0.000100199518781294,7.02158896864305e-05,-4.87579496512788e-05,1.00898843298093e-05,0.00093429040616378,0.000232529768774721,-0.000112475613379554,-0.000191553654305545,-2.24349851074288e-06,6.30511126616191e-07,0.00010118715079386,-1.35468078015384e-05,1.13901131130768e-05,7.52402687049325e-06,-4.20901084972833e-06,-3.73412830982967e-05,0.000104512271996529,-1.58954844661595e-05,-2.1155821705697e-05,0.000140193304941852,-2.77035814412769e-06,-1.59861950185158e-05,0.000187132866525283,-4514.35617963863,38.7015233130157,421.371897180869,11.3974104321993
-5.71100718772381e-05,-4.08609043369339e-05,2.26103431540166e-08,1.57644395424215e-05,1.40116117709177e-05,-0.000557430277299875,7.46179583466834e-07,0.000195495987986989,5.86848777435963e-07,-3.68394663239229e-06,-4.87141157341883e-06,2.28040357338434e-05,7.20053357770503e-06,-1.40895034795661e-05,-9.89809356082063e-05,-9.46765003014942e-06,-2.74347534662357e-05,0.000147118783284623,-2.10095370176337e-05,-5.49619580681794e-06,-1.73215545427913e-05,-1.82839481733174e-06,-0.000118356636332492,-0.000203495827457193,3.30016845732915e-05,-0.000533849146855626,3.23325099380505e-05,8.78116494232971e-05,0.000188143552071413,-1.09632085581096e-05,0.000160620420752094,-4454.93142216771,38.3024966251335,421.246213375438,11.9098596482691
-8.43695007603901e-06,5.5429937147124e-07,4.30977201578495e-06,-2.98717157783898e-05,-4.96195596940545e-05,-6.95250155836467e-06,-1.87857124087968e-05,2.48382453102429e-05,-9.7717658276676e-05,-2.40127742412568e-06,-3.30356112914989e-05,-1.31894483995958e-05,-0.000106464128432318,4.4112704258251e-06,-5.07912773387264e-06,2.12277841206402e-06,0.000255351044868135,5.12417951437429e-05,8.84781098261701e-05,4.11099217566807e-06,-3.65824842849083e-06,-6.36958485437823e-05,-1.67622212468128e-06,-2.90254053181508e-05,8.77265976315135e-06,-9.90691043801005e-06,-2.28687483755238e-06,-0.00029238909407182,1.32863083177021e-07,3.76719910539559e-05,8.04878360974524e-05,-4501.6076665327,36.8358128420231,408.71994495186,11.6473288636503
3.64795192663964e-05,-0.000336547811156955,0.000121338797065892,0.00142651963869963,-0.000151107696618015,-1.53563100861689e-05,-3.90013857466995e-05,0.000196897389973159,-0.000276267933033817,-0.000405981542079157,0.000138993863112027,0.207823039643741,1.34411202147929e-05,4.12593652891077e-06,-5.05522820715555e-05,-0.000931572705729774,-2.44685623144904e-05,-0.000600482955671542,2.3243106766655e-05,-0.0242322291086604,-0.000179952142338884,-0.000123559708784417,0.141000740155906,0.000181870047201216,0.000607904334627264,-1.09823826314819e-05,-0.00314188328655252,1.33148419864665e-07,-0.00136861718583793,-0.000957279401852753,0.0460708357425965,-4466.66594922289,38.4241684802266,454.531590159473,11.8986463001746
-1.16986313654039e-05,-7.68778822222374e-05,3.34252082184569e-05,-1.56657096847039e-05,5.35897505901212e-05,-4.24575485038221e-06,8.55990256337339e-06,5.99920319422284e-05,-5.24289286548195e-05,-2.40477428396925e-05,-1.27948546077682e-05,2.60798159208028e-06,3.27087790110748e-06,7.0307447845546e-05,-7.96879430557255e-05,-0.000143918999189521,-9.13859908001065e-07,6.3795521781593e-05,1.0034979006489e-06,-0.000213869424287081,-2.30169315609605e-07,-0.000109157420410972,1.54843309381057e-05,5.15010636102608e-06,1.92437137159423e-05,-1.6296214834745e-05,5.63866588934446e-06,1.01796084077765e-05,-1.09907520279501e-06,2.25218819226035e-05,6.13078250480619e-05,-4508.94510722793,39.0566363807836,444.404297338211,12.198146648492
-9.94058872774612e-06,2.30429975554513e-05,-0.000321068543548702,9.56164409875088e-05,0.000266231038505328,-0.000265463678481044,-3.26379367719825e-06,0.00177552739150423,-1.42566196749182e-06,1.93131109074297e-06,0.000569861656547776,4.87238450949789e-05,-2.87258675718174e-05,-2.85928775647681e-05,-0.00687405163173637,1.76957435160115e-05,-3.64180551401398e-05,-0.000147597549609634,-4.08861204765897e-05,9.89764475711836e-06,-8.98319988976863e-05,-2.14263262501852e-06,0.000150451185409577,0.000151664854845466,4.5314006572619e-05,2.70056495885826e-05,1.13110041737006e-05,-5.85750745340247e-05,-6.64754213095757e-05,-2.23997068329923e-05,0.00130484015218387,-4537.49364622823,39.2530548586594,431.772716506841,11.64290923135
-1.73770351446819e-05,5.41669440430863e-06,0.000204345254352969,7.71947833051511e-07,-3.09775073053664e-05,2.30181178304234e-05,1.72751771437414e-05,7.44435788267048e-05,-0.000121763764081879,-0.000623242536707654,7.99826592354408e-05,2.65083311918497e-05,-0.0032001013671228,-0.000388368552562352,2.84691701722018e-05,-0.000291619187692415,4.1435620029426e-06,4.92400999906156e-05,2.5512593294732e-05,0.000933057729175078,7.65376068204282e-05,-3.55891105123554e-05,-2.18559748170433e-07,1.37175765981359e-05,-0.000945193800457067,-2.9064771896996e-06,0.000130386001685884,-0.000338682889732461,-2.16028672091195e-05,0.000108413403770499,0.000654610215791948,-4460.71539930342,38.6470453461922,427.952200864105,11.5496870722041
-6.60413560560029e-05,-0.000294665941923706,2.70469344575974e-05,-3.36456601599618e-05,-4.0489223934983e-06,1.71686304237255e-05,2.1992175793563e-05,7.01949839316423e-05,1.96592108337655e-06,2.35122907675737e-05,-0.000857743338232205,1.49567402539322e-06,7.30158147050578e-05,6.62477537151001e-05,1.92116525301758e-06,-1.53499024515293e-05,2.44724772915445e-05,-1.74545659270654e-05,-8.6969161978515e-06,-1.54996005247521e-05,7.32621692632075e-05,4.77714845019936e-06,-0.000173773613916113,1.7155445287396e-05,0.000120996611199511,-8.14253513208227e-06,-0.000122757795598052,1.028958077273e-05,6.02410923725063e-05,-4.99061629553842e-05,0.000174939967849175,-4471.27150577937,37.1200949199037,437.514904959772,11.6033487049914
4.05625235247418e-05,2.97731370792399e-06,-7.66191960794225e-06,-1.37539680360157e-05,6.04465168338553e-06,0.000122770919856671,-9.45806891821826e-05,3.14434359843e-06,4.87674739277367e-05,-3.77243120198572e-06,2.93360734358622e-07,9.08118456295372e-06,-2.43320320712936e-05,-7.65588605147415e-06,-2.57133503233363e-05,-1.0364313478706e-05,1.85777056968298e-06,-8.68814561479471e-06,2.58981572625662e-05,2.23383996696444e-05,-1.77063176736901e-06,4.00621473875187e-07,-3.93015255836049e-06,-1.75204754440293e-05,0.000109220288618911,0.000176676070033608,-1.10687046780108e-05,-6.2794988337672e-05,-3.17541440266753e-05,-1.50996603013551e-06,5.15283731935642e-05,-4561.64479770452,37.9458150981286,419.19404688207,11.3399216384309
-0.000403774287493134,0.00157736373745867,0.000110096155675153,-0.000250649388001252,0.00012883839338749,2.55152605675627e-05,0.000289953479894258,1.17562649899242e-06,0.000112809260240689,-0.000306061908686574,-1.1235393232732e-05,0.0048086444955977,-5.2822065433218e-06,-4.66180634768263e-06,-8.58563123187214e-05,-0.00099941518745066,0.000116187993294698,-8.76454161553123e-05,-5.3367841085801e-05,-0.0716871666936636,-0.000127838083867961,1.35123274171519e-05,-9.54427521499849e-06,-1.64264230147334e-05,0.000427196605646528,2.67108865907622e-05,0.000979773016839031,0.000137622795176731,-0.00674129339958228,-0.000682420604105659,0.0131823453211792,-4474.33258913359,39.3691530183199,456.282384386828,12.9919862697814
-6.47603623097016e-05,-1.23515828910089e-05,-3.4682009265237e-05,-1.14305735476948e-05,0.0001546235771434,7.71800608333079e-06,8.34329606265347e-06,-4.80637690584571e-05,6.90377156310105e-05,5.42562954681489e-06,-2.4849179066427e-05,7.17474579215026e-06,5.05047679325875e-05,-2.82827190863204e-05,-1.76634073262699e-06,-1.15567156106004e-05,-9.12094260935426e-07,0.000113545750028505,-3.4718790618386e-05,-0.000203654144842616,-9.98105899558875e-06,4.10654014085706e-05,-2.67744512132509e-05,-2.79928559727712e-05,3.7953087177636e-05,-1.01628062555362e-05,-2.18598750802442e-05,-6.50011134936822e-06,0.000178532925351614,1.60747163832493e-05,6.68421537869323e-05,-4557.84155577937,39.7191369246988,440.516263683035,12.2573973078409
2.47715445819588e-05,0.000254665429968526,2.39563785650702e-06,5.82350409272205e-05,0.00056914046085277,-0.000432875686484421,-5.27006564624263e-05,-7.03135755824458e-05,-0.0175126776617044,0.000587794682752221,-0.000100553849561069,2.10785769063741e-06,-6.76791580993868e-05,-2.43587314592526e-05,0.000324641971185766,2.80856616513123e-05,0.000264285240320125,6.90137673616889e-06,-2.64838392653746e-05,1.43891684324206e-05,3.32001245456316e-07,6.68487612758432e-05,1.37539784308098e-05,-0.000513905630287041,-2.43485902403455e-05,-1.38787571406295e-05,1.95249801819521e-06,8.75423842032818e-05,-4.16287305580494e-05,0.000418602787963145,0.00320558738647043,-4400.7314091567,39.0885943885558,438.371100371133,11.9107044606103
6.16186047524084e-07,1.1106034082151e-05,-0.000207878062480426,9.46385184876719e-05,3.2006503168096e-05,-1.31815026840897e-05,0.000454173650296103,-0.000500657728081494,-0.00066155082715144,0.000660151102579896,0.000135751410848036,3.93747167202088e-05,-0.000212640865252784,0.000243703402556294,-1.33671271330619e-05,-1.5843365205548e-05,5.44559905853719e-06,-5.66661548612666e-05,-1.84503677172328e-07,-1.96322128100077e-05,1.76278140001008e-06,-1.07935752237538e-05,2.93733309970351e-05,5.47958937942082e-06,2.09436850200978e-05,-7.89248719726862e-05,-1.27768275358151e-07,-2.81106518467239e-05,-0.000162107888158248,0.0253324566737473,0.00463062495835545,-4484.9683263849,39.487475714349,448.87090499422,12.0577143004967
-4.5688908617621e-05,-4.09157560367326e-07,5.42357116746345e-05,-0.000147261421453472,-2.32464925983892e-05,3.60838698574554e-06,2.88503026789009e-07,0.000116935070091077,5.31986478780441e-05,0.000202936417617885,-7.88662549286137e-06,1.06033016273949e-05,5.78942040260947e-07,-6.68090111421858e-05,-5.28548912670847e-06,1.16248469530378e-05,3.26662485683799e-05,-3.66072335223221e-06,-1.82207060453727e-05,1.78640147620379e-05,-5.47122565885339e-06,3.48293782022572e-05,-3.32669367385347e-07,-7.79154236209137e-05,-6.96100531204349e-07,3.01585084895667e-06,-4.53251775176426e-05,3.58589678932679e-05,-1.82207539340021e-05,-3.71593397699025e-05,5.88402749371266e-05,-4435.59752485238,37.8238050440353,462.221178883047,13.4243478004679
3.95348320218256e-05,-1.48006890389569e-06,-3.97305457148651e-05,5.82606234671488e-06,-3.96898626832429e-05,-2.38434411326668e-05,9.16102993025222e-06,-6.42606367852036e-06,-3.54803730449691e-06,0.00010723252908183,4.38036131038899e-06,-2.95973163428043e-07,-2.09105969227025e-05,-2.48305171439003e-05,5.15146053294161e-06,8.36587457026899e-06,2.74792917631728e-05,-2.74726713577443e-05,-2.71959868079482e-06,-7.59825862578639e-07,-1.87707166278501e-07,3.46230018505246e-05,1.43875015901996e-06,2.49040987042184e-06,-8.24810699682121e-06,4.63898973532827e-05,-2.91031227546043e-06,6.98220143889714e-05,0.00018158076594776,-0.000174886424638997,5.52307415642481e-05,-4561.24632905775,38.9559208270882,434.40844067766,11.6107193272645
1.88028824735917e-05,0.000294976627304364,-0.00124063436797232,-9.34495337645806e-05,-9.81078653938585e-05,-8.61190263385506e-05,2.54652020271381e-06,0.000344764596440795,-8.18004886734936e-06,-3.11577123516042e-05,-4.28386171895123e-05,-2.87351028778781e-05,1.66925686497438e-06,1.9849336422e-05,0.000159835287455566,0.000457409417561565,-2.83190522669231e-06,-0.000290167704450006,5.17492262119949e-05,-0.000148391461377821,-4.66945928810526e-05,-1.89411804655988e-06,1.00087962549821e-05,-2.92205059962332e-05,1.22113939646546e-05,0.000196514437734906,-5.91963860137321e-05,5.36142970941752e-06,9.37531361359753e-05,-6.79065234507278e-05,0.00026943089804891,-4546.12996140907,37.9695805279182,438.898461394377,11.1573344899602
-0.000172901989479459,-0.00024951000256554,8.6051848890986e-05,6.13159898739517e-05,0.0120980902027456,1.22427060595361e-05,-0.00129797009412002,-6.32609585640342e-05,-6.93173296380975e-05,3.49402008890147e-05,0.000243819750078205,0.00028492171437201,1.02696596990956e-05,-0.00133689892443957,0.223247966722423,0.000106563965419196,0.00010996241552729,-4.67821954364477e-05,-0.00990357864813181,0.000111646138965659,0.000733099562319881,-0.000239181978085389,4.02439204587525e-06,-4.36207499895764e-05,9.97967075620389e-05,-0.000655576264367656,-0.000380060159625142,0.000302546350984997,-0.00104507888640022,0.0231503801570289,0.0410796657839757,-4500.42071151381,39.1675550228193,446.553796182462,13.2506970598088
-6.20610970540347e-05,-0.000215423111913552,8.29891095885034e-05,5.32131871142831e-06,-0.0030104384847708,5.95808546671584e-05,8.79748333875437e-05,1.46488952952442e-05,-2.44415582901685e-06,-9.89452976372979e-06,0.00059852964989841,-7.80135196229337e-05,-1.30201406495022e-05,0.000197258871031226,-3.91305168290465e-05,-0.000766671749263877,9.61578121649979e-07,1.30258435149323e-06,-0.000631887065867395,3.44803280653765e-05,-2.72552426943359e-05,6.74471872617411e-06,-7.0466959084077e-05,1.61880161607624e-05,3.90831963804129e-05,2.79759039383454e-05,0.000394610909735889,4.33703976167954e-05,0.000131777991206005,-0.000145398296906434,0.00059802862172362,-4568.96009229559,38.0093494290412,427.550519234991,11.391675640428
0.000930766079744054,-4.78453004460223e-05,-0.001865259618094,0.000591868834789577,0.000173068626145977,1.27727654441477e-05,-1.05599743877894e-05,0.000666105479730453,-2.08250137410567e-06,-0.000936402752040659,0.00035106686525765,0.000129532685679345,0.00010274038209134,3.25097088327729e-05,0.000131774881696711,5.69250437544682e-05,-0.00146676007228385,1.69916413615867e-05,-9.73799857537235e-05,-0.00161507903395213,1.09891245365904e-05,0.00359902617313824,-0.00011063348132485,-0.000340868787774534,-0.000403508096039282,0.00010641036627386,4.19321980516306e-05,-0.00101165905193114,-2.46816248500108e-05,-0.208221636626808,0.0380269738654265,-4554.55329340668,38.0471774705413,454.855675826071,12.0539816262159
8.20440569542661e-08,-0.0010810447186979,-4.6750402018974e-05,0.00900175363878563,0.000178699387962136,0.000511629840141855,-4.07185365744975e-05,-0.000488780753935575,-9.50234077306475e-05,-0.000788717546113733,-0.000375568950612149,0.000107763773609177,-0.000633493599353692,1.39287603583764e-05,0.00134116166949012,-2.16357879141098e-05,1.58958757742868e-05,-0.00025647517416591,0.000730725677839482,-5.20236199806959e-08,-0.00022407642808498,1.07877420568495e-05,0.0052313680238026,1.6746596023422e-07,-5.07121706857352e-07,-0.00018335871012025,3.14483694678192e-05,2.56604691458719e-05,-0.00119014730793705,-0.000215029970527174,0.00195990325200579,-4454.61233521942,39.2481470688208,417.85628040343,11.5103858450791
7.62158483752064e-05,-0.000109427200980064,-1.41685932923056e-05,4.41232234974771e-05,-1.19867280678819e-05,0.000109315115092277,-0.000337599782306226,-1.53622646265349e-05,0.000786137187725759,-3.32321614946268e-06,-7.06480724284418e-05,-6.83635904847742e-05,0.000870098842251042,-1.71873010563922e-05,-3.92753595934499e-06,-3.25203314742694e-06,-6.96466305500591e-06,0.00024568194665701,-1.07203604959243e-05,1.56438641336187e-05,-0.000103496815623368,-0.0017289839647875,0.000269147291259587,2.92905836708773e-05,1.29985141431943e-05,-0.000118659125286242,-7.47864842180751e-05,1.21906445438294e-05,-0.000214684428242316,0.000262271980809631,0.000400014350463941,-4545.17000251458,37.5466918441912,444.903750943549,11.5769306698784
-4.06805082969544e-06,0.000864785475599323,0.00118218009234874,-0.000197737326710692,-0.000271217407856586,0.000177835270582011,-0.000192052724087453,-0.00126800836057768,9.37127738049229e-05,-0.000487663563911759,-5.76481660630143e-05,-1.03929497854242e-05,-7.43945561020313e-05,-0.000199656039379547,8.23318517936278e-05,-0.000325501309434332,0.000337965375384045,1.6242843302597e-05,0.000147669176460183,0.000328969402957533,0.000124911667573215,-0.000428645686512449,-2.54748489037398e-05,3.72804623913984e-05,-2.05979409656274e-05,-0.000486006728694915,-0.000185617825572293,0.000183767533549127,7.49098276852144e-06,0.00146642610835813,0.000491385563492959,-4552.99151219017,39.4568617815891,429.674158788469,11.2317688638939
-5.81606547297564e-05,5.4446728875812e-05,2.06698376729048e-06,-0.000168143695655006,-3.20926749709005e-05,1.08974473154831e-05,6.11079414342836e-06,-3.34422040933382e-05,-2.03510964985694e-06,-0.00020191227451642,2.63527490933608e-06,1.43051445948843e-05,-2.52336518642887e-05,2.78043334323248e-06,-2.6570242774625e-05,-9.54109094535751e-05,-1.69755538752549e-06,-7.76461990899983e-06,4.97843003122518e-05,0.000299878355252965,9.93112331765785e-05,0.000114980127425941,1.46815402090455e-05,-0.000104374380989179,-7.58455266844414e-06,5.62042966207097e-05,-2.37910815376396e-05,-1.08601422948025e-06,1.59914352168741e-05,-8.61445786443288e-05,8.68883805950121e-05,-4440.90573134061,39.6507797085636,441.154927162418,12.231605227421
4.35924269809836e-05,3.72293944926337e-05,-2.17830911779269e-05,-2.723995282284e-05,-7.82515602728411e-05,-8.29064891473125e-06,1.01516657141836e-05,2.20390654818407e-06,2.02384293588868e-05,6.98814275425328e-07,1.23086585238805e-05,-6.90492846043434e-05,-1.42406764371436e-06,1.99009070362173e-05,1.73363822931409e-06,1.28155435067109e-05,-1.34985834012058e-06,7.61036005260779e-06,1.11489443844916e-06,-1.77316564549216e-05,-9.05606904053142e-07,1.18464853770072e-05,-1.25418594773143e-05,-4.94049529219677e-06,3.09259948963429e-05,-2.53171333756836e-06,-1.85259341995417e-05,6.94645630471857e-05,-1.14994042979348e-06,-8.87326325100449e-08,2.80050356528683e-05,-4487.9756463166,37.5183756872212,427.391785385671,11.4531550219512
2.95289918535346e-05,-1.12927337508306e-05,-0.000100846549870289,-3.04287958465857e-07,8.18427464691961e-05,-1.30577736499053e-05,6.6830376775006e-07,-9.40577107103022e-07,4.2830042674295e-05,-4.49498743333743e-06,2.72624666495009e-05,-2.71592101512465e-05,2.68264267648387e-06,-4.99472830927512e-05,1.75841158584589e-06,-1.86084498297685e-07,8.01027815732391e-06,-4.52057472026419e-06,-0.000346150403926875,5.38370032230397e-05,-3.72537480183031e-07,2.22901077859307e-06,-2.45512699047461e-06,1.32489523000521e-06,2.00257813812503e-05,-8.79305590726357e-06,6.85605878107292e-07,-1.91794868207423e-05,3.83931388576983e-06,3.59029553114558e-05,7.04383099845531e-05,-4458.65847051215,38.1580572556389,415.538757573506,10.837815251312
0.0182047134329789,8.79892857473827e-05,-0.000676217829876716,-1.61505024678732e-06,0.000183566158041856,-0.000195625464300978,-0.00333156923568692,7.06729765150664e-05,0.000111582399494926,-1.07655865374271e-05,-0.000281162406011061,0.000152815707366746,0.00144883411724811,-2.02723488992994e-05,-0.000194246504177202,-0.000201640873709108,1.36399593125417e-05,0.000331493789205937,2.56213888391275e-06,-9.99266946441454e-06,0.000271328803023694,-8.39366960404243e-05,5.76304816373598e-05,-3.03697899927932e-06,-0.000176326527105099,0.000828253640065248,-0.000124739533409194,-0.000140212171626864,-3.56941975328897e-05,1.76711713751205e-05,0.00339751816626734,-4454.19798589112,38.1398644687853,432.737574479018,10.7593539799248
-5.36211315495852e-06,-8.88471011623477e-05,3.55668200254836e-05,1.32008151988345e-05,-3.84074861221611e-05,1.40994429801449e-05,-0.000184114039850704,8.01449251211639e-05,0.000105240645687679,1.00274352078136e-05,-5.29754096549967e-06,0.000231901796211552,-0.000163591641277833,-3.20770935927186e-05,-1.16861409945881e-05,-0.000915221947146553,9.43770518631524e-05,9.0614249429957e-06,3.6776729581387e-05,1.86985381175701e-05,2.92998927413574e-06,1.55309041045712e-05,-8.89221268749977e-06,-5.42292689543237e-05,-6.45960156057395e-06,9.02628811873825e-05,-2.61880642598955e-05,0.00011013939067858,5.21455716948522e-05,5.09026003268084e-06,0.000184355652323967,-4443.28836838937,39.2109174546534,454.704466241202,12.3375009543578
-8.13887981288651e-05,8.94574528069595e-05,2.13522101762309e-09,-3.25004491106986e-06,2.63948784217286e-06,3.56761947076634e-06,1.54364856903547e-05,-5.37386372092118e-05,9.33913694978547e-06,-1.20928364432513e-05,6.72138418811952e-06,7.30117123932129e-06,1.39070867189245e-05,4.35400477510551e-05,-2.66192389610631e-06,-0.000197792412899016,2.19880320251391e-06,1.14216400562748e-05,8.8737237610775e-05,4.33036130759453e-06,-5.97049412896213e-06,-1.97761426964573e-05,0.000197256231506564,-3.95095742875984e-06,-1.72728102264087e-05,0.000185646180558572,-2.15953949540972e-06,-0.000104123808148474,8.76031008472654e-07,3.8834755123944e-05,7.16082086074011e-05,-4480.15602395337,38.1050034717382,423.463702802058,10.4555940364072
2.57826971097822e-05,0.000124119467772034,-1.68156197054545e-05,-2.08822194679369e-05,6.88361249474576e-06,-5.16155665263756e-07,0.000135133091479151,-3.21574340067962e-06,6.68031477409519e-06,-9.76108201399215e-05,-9.2789643624942e-06,-0.000487099093247698,0.000427444029961155,6.04028374399501e-05,4.12101410908063e-06,-5.57871611725947e-06,-0.000260392502242988,6.96905830129028e-06,-1.48341368513609e-05,5.39202778860855e-07,-3.06737261626968e-05,1.30723122091866e-05,-2.51881284609085e-05,-4.23689743402217e-05,1.64751971955685e-05,2.91019364298474e-05,2.51144790413121e-05,-7.31030188322441e-05,9.08226330674485e-06,1.41650893393926e-05,0.000135083687312435,-4471.6469140841,39.5772859319647,426.367423794213,11.8229524255712
-3.23563627792344e-05,-0.000121013972791959,0.000193794087571966,-3.45077592049615e-05,6.48126244572493e-05,-4.93006067072329e-06,2.72063170751543e-05,0.000161893761539393,-0.000215175448822214,4.43483577959401e-07,2.81295460361236e-05,1.18092260718116e-06,-9.25154951816601e-08,1.59565360360703e-05,-7.8373060987778e-06,-2.97202998927117e-06,4.84926496255724e-06,8.76703136111885e-08,-0.000103236323683352,9.48294198917079e-06,-3.40723878777832e-05,-5.36465616263514e-05,5.58242921013648e-05,-3.79706852952756e-07,1.78117993039498e-05,0.000109888491704226,-1.9796485563057e-05,-1.71561130303157e-05,-3.49093496073715e-05,-0.000245744884485112,8.67267676861141e-05,-4535.52325405505,38.3523524899359,423.702007990649,11.3924973231605
-0.000660482562285891,0.000800501765323008,-0.000122221974580827,-0.0918320463001099,0.000488918821194987,7.78302049843259e-05,0.000130696223682151,1.07307175237776e-06,0.000269897531182991,-0.000174853243247371,-0.000229273754498704,6.45223748592045e-07,1.16409634359268e-06,1.56739690434063e-05,0.00182998823491527,-0.000278662598363038,-8.81484017323018e-06,-2.21759846084451e-05,3.15685898853122e-05,-1.71268929912643e-05,0.000322556893354508,9.51253560758279e-05,-0.000110855153887611,1.82921917683613e-05,-5.24276205887813e-05,-0.000134335570843215,-0.000377367406236839,-0.000168183130269972,1.31867435970204e-05,9.87280888693485e-05,0.0167713949053931,-4497.28067121405,37.7487986598069,441.878431734243,11.875512277463
-0.00011974927925398,-0.000191251984011555,7.30451551478155e-05,-1.94875312696567e-05,-1.54101234102819e-05,0.00010478589602488,2.37386521609833e-06,1.26367778478001e-05,-9.72330691053012e-05,9.313593595246e-05,3.69751718824566e-05,4.3981246679553e-05,-0.000131552204667998,0.000116072780821927,4.89491147698046e-05,7.59628147620232e-06,-7.13805484499505e-07,-6.89398458440976e-05,8.99341820392579e-08,-1.51975665902997e-06,-3.85661488509496e-06,1.48540046466637e-05,0.000152775340676095,-2.74971410560262e-05,-6.86536950042184e-06,1.62359849865656e-05,-1.84915087327833e-05,4.86108099997089e-06,6.29527927360974e-07,-2.21665405907283e-05,7.13987925949861e-05,-4493.18118401493,38.274490045228,430.762790071895,11.0355524965144
-5.07377765160217e-05,2.5090127365148e-05,-1.88465737436868e-05,3.23947759089623e-07,1.32213875617003e-05,-3.51411196456925e-05,-1.40211759151598e-06,4.33918153337293e-06,1.74845889639024e-05,4.99006008184086e-05,-0.000260503286545258,-0.000131800025573393,0.000117144184052054,2.28962983910488e-08,2.50725626784996e-06,5.93571325014837e-07,-3.32421703603337e-05,0.000135638861834205,2.04445016563975e-05,2.4471690902022e-07,-3.55284369851952e-06,-1.14506220057291e-05,-7.37484028857362e-05,-8.32941530613422e-06,5.24632128628038e-06,2.71459792072965e-05,6.0366961729433e-06,0.000178542212121873,-2.61014380340603e-05,3.05177479571909e-05,7.45233199596731e-05,-4433.63640842103,37.1298431899047,410.949428031681,10.8591868643038
-0.000245137757879892,-3.27084199817223e-06,-9.09242968068369e-05,4.35636289650112e-05,1.19349821435433e-05,-3.73642664932239e-05,0.00157000930065346,6.58743279269071e-06,-0.000219789670547802,5.93656650602483e-05,0.000388725145031765,0.000163687554353498,-0.00103102705410516,0.000402885042695991,7.00988402820281e-05,-0.000326278385652683,-1.70874376645635e-05,2.79175490941747e-06,0.000372605078361797,-0.000238851008675868,2.67569873106336e-06,-0.0001026394046632,7.04307539599804e-06,-3.43951091015053e-05,-7.8517203075353e-05,2.34369491421913e-06,1.22706897402875e-05,0.000133605836307692,2.06963730530905e-06,0.00016858415366374,0.000381390952982746,-4522.14554284303,39.3606465718775,443.707107812348,11.7256525548709
-1.46981938851833e-06,0.000239703876596047,3.36155702824293e-06,-1.76570326127383e-05,-0.00172946146360992,-4.34635718186258e-05,0.00121343512683809,-2.63646504178668e-05,5.72502397903393e-05,1.10488064037422e-05,-3.61061992447886e-06,2.53382666419454e-06,0.000395937180133395,-5.98010473622092e-07,-0.000906870055333376,1.03371282587341e-05,-0.000426619054771163,-0.00010094472809292,2.1714334671425e-05,-2.88108143925657e-05,2.08824472740876e-05,-4.03322533566038e-06,-5.60980695521162e-05,8.93648592140266e-05,5.16865252368525e-06,-0.0013269807104942,5.96336777503559e-08,2.73675917435405e-06,2.1822642609513e-05,0.000171469797505443,0.000500080186313589,-4446.14008817413,40.5689732779887,435.709314148587,12.8586985567924
0.000123336387824254,-8.21625064306257e-06,6.04772001254261e-05,-6.42204695444054e-05,2.54380349982933e-05,-7.16095696581155e-07,-0.00851321082216173,8.21492521112504e-05,-3.08887951503769e-05,5.8777481823583e-05,-0.000236855493302746,-9.29584012000899e-05,0.000121206513003753,-4.51886279068474e-06,-7.23329441737204e-05,0.000127649541256069,1.67910771469574e-05,-0.00019302232860758,1.94818918810898e-05,0.000244658396158418,8.15408716222526e-05,-3.26561211317671e-05,-7.61437361075111e-06,7.67261240925262e-06,-3.90521000059965e-05,0.000110223201491615,2.69253406926251e-07,-0.000202549614030597,-6.23266355000289e-06,1.35604401115557e-05,0.00155746735361962,-4489.20025930507,37.9369361875234,437.055038430091,11.9697978330163
-0.00354119685478485,9.09578547166323e-06,1.26646909722371e-05,2.99473177624958e-05,4.49281841226352e-05,-4.44539997153528e-05,0.000388020616021399,-0.000178105979713893,0.000361980720885501,7.10762875858196e-05,-8.63476074505973e-06,-0.000219609428342659,6.01757714710299e-06,1.3464468852821e-05,-2.79180457092523e-05,0.00101514047588089,3.0353110791567e-06,0.000353711640675952,0.014160982200915,-0.000192901253680407,-0.00340380522279484,6.94026427085302e-05,0.000412873453151226,-0.000146013138794697,0.000186441505349233,-6.28768609292052e-05,-3.25936664697057e-05,-1.44602393779893e-06,-0.000154275640027051,5.0737325279781e-05,0.00274765219180597,-4439.64763744877,38.9162786658537,444.256158125163,11.9823841576014
8.53995107880937e-07,-5.20684412892361e-05,-2.14819060295147e-06,1.50043348332575e-05,-5.61461744700762e-05,-1.27739557770118e-05,-4.5650144453651e-05,0.000183431482691745,3.31266043351187e-05,-9.10983100503289e-06,4.01030584902595e-05,-3.80765109564876e-05,2.58727153934815e-06,3.37240793209627e-05,-1.76221734988667e-05,-4.27028262041573e-07,6.88998429389655e-05,-2.44035333918681e-06,6.22162461120671e-06,1.65645338865253e-05,-3.9522777354688e-05,-6.27629355874548e-06,1.26332803901248e-05,-5.68962845711263e-06,-2.79801015914486e-06,-3.60287355210973e-05,-6.70475831434279e-07,0.000158922775093925,1.01248206652523e-05,-1.68925787158458e-06,5.20285779024379e-05,-4561.44784023139,37.1456121888022,398.719852856024,10.4718689590167
1.33924498508714e-05,0.00018134341299078,0.00031027553460535,7.97855126218713e-07,-0.0132726366775058,-0.000435203283425254,0.000935799778618807,-0.000135925293693901,-2.72610581488586e-06,-1.7186849937302e-05,0.000169078862032071,-0.000292690697556547,2.51577832135923e-05,-4.33938008244667e-05,-0.000113781908685597,0.000139282713038472,0.000181542419862587,1.07194535661144e-05,-0.00048736306129191,-2.08339187707012e-06,-4.45530546444163e-05,0.000293061799241715,0.000127537872825861,-0.0207167267976087,-0.000172602522451339,0.000604107078005103,-0.000128046180934699,9.16379021170721e-05,-0.000132033608929022,2.82695499896673e-05,0.00450007595157565,-4436.28301281849,37.8129235167967,443.136463646246,12.5305296024756
-0.000146068822932419,-0.0185417024284726,-0.000137168515198381,0.00013764440471462,1.8357021283095e-06,0.00011610434090119,7.9741747019921e-06,-0.00012965798607623,-1.43205172654292e-05,2.16076643904284e-07,1.05885261465368e-05,4.31528967026128e-05,-1.93490327961657e-05,-1.61987048177117e-05,1.13513677791918e-06,-4.15406100936247e-05,2.89140616996961e-05,-1.88775465520789e-05,3.99151734307024e-05,4.87806893568809e-05,-8.00352366015858e-06,-6.26435787487536e-05,3.76237847193159e-06,7.77552261691066e-05,-0.000410158129509196,-3.3407046627634e-06,0.000145161994343097,4.24681537370879e-05,-9.01933136302911e-06,8.18020194113306e-05,0.00338674785249793,-4523.20905153169,39.5406716283779,419.716854216138,11.5361941310076
8.51771236716163e-05,-8.90939523925087e-07,5.56427134385236e-05,1.8302388005262e-05,-4.45227373106291e-05,1.92054299311392e-06,-0.000154697296922295,5.25057920444418e-05,-1.15147693746892e-06,1.00950799188902e-05,7.78501330152067e-06,-7.95876014457879e-05,-0.000500979625887225,-3.39672400377493e-05,-2.45332385721096e-05,4.647496161654e-05,0.000114412900482933,-9.27578669684571e-06,-5.36722937059414e-05,-3.1326271526067e-06,-0.00012731562787332,8.50563721588907e-06,0.000153790000376852,5.17325440910527e-06,1.74232569650255e-05,-1.1194997100306e-06,-1.20639637083387e-05,-5.64441646895942e-07,2.42004727991535e-06,-2.71458023451761e-06,0.000109124671589057,-4525.4718367773,38.5982626090637,426.774000843824,11.9580185547965
-2.26474962696359e-05,3.5771738799975e-05,8.43277984057252e-06,-0.000307712859026718,-4.11827658202009e-05,-5.41829986911873e-06,-2.3690810374914e-05,0.000170402891848619,7.9961965876878e-05,-1.50237415915441e-05,-0.000206228449939883,4.9588728026616e-05,5.37231666491797e-05,-2.34869241548106e-05,1.42358319218785e-05,4.64307922072953e-05,-1.16003503617503e-05,-9.90933722783323e-06,-6.7125762806568e-06,-8.31392859776611e-06,1.57039497074044e-05,4.08033099857451e-05,-0.000150652366068602,-2.59805317637896e-05,2.58137600810743e-05,1.22338369892303e-06,2.04188430964976e-05,-4.32867469683037e-05,3.81795034609049e-05,-1.13130214967255e-05,8.47454077631367e-05,-4457.64733171278,38.71110896557,436.849020085543,11.9206689092978
