cl_1_discrepancy,cl_2_discrepancy,cl_3_discrepancy,cl_4_discrepancy,cl_5_discrepancy,cl_6_discrepancy,cl_7_discrepancy,cl_8_discrepancy,cl_9_discrepancy,cl_10_discrepancy,cl_11_discrepancy,cl_12_discrepancy,cl_13_discrepancy,cl_14_discrepancy,cl_15_discrepancy,cl_16_discrepancy,cl_17_discrepancy,cl_18_discrepancy,cl_19_discrepancy,cl_20_discrepancy,cl_21_discrepancy,cl_22_discrepancy,cl_23_discrepancy,cl_24_discrepancy,cl_25_discrepancy,cl_26_discrepancy,cl_27_discrepancy,cl_28_discrepancy,cl_29_discrepancy,cl_30_discrepancy,RMSE,elpd_loo,elpd_loo_se,p_loo,p_loo_se
8.94E-05,0.109966901,0.060273926,0.059456218,0.101739652,0.140129011,-0.044744875,-0.047600207,-0.033370975,0.0078712,0.132297622,-0.033942341,0.150517531,-0.009425717,0.120627534,-0.026262808,-0.086031423,-0.150513686,0.013981907,-0.08755816,-0.12397958,-0.089743116,-0.176889525,0.056918745,0.004945458,0.078166099,-0.169185738,0.097818776,-0.014172834,0.031867671,0.091787141,-4504.505002,39.54540382,435.8221143,12.03905421
-0.070647604,0.049224736,0.060712491,0.131302381,-0.01781657,0.324247324,0.068868404,0.065630551,0.090448579,0.085718469,-0.033406019,-0.165478853,0.157516928,-0.203244291,0.11688019,-0.059486271,-0.063099933,-0.068956239,0.047424873,0.005062775,-0.069912412,0.035030564,-0.012100861,-0.090095882,-0.036050456,0.062982098,0.054218839,0.014358556,-0.079672031,-0.074222211,0.102607731,-4550.925993,39.02875142,440.3027916,11.6657536
-0.018933809,0.176871725,0.075020411,0.099967679,0.041267053,0.292488347,-0.038454561,-0.037596382,-0.064750824,0.079105433,0.058821128,-0.042503711,0.100238072,-0.099767871,0.083300448,0.065653796,-0.029133785,0.004979468,-0.070168294,0.091943368,-0.097400766,-0.015318642,0.067749829,0.096634741,-0.006451774,0.073142917,-0.043990443,0.078098973,0.056406215,0.009517968,0.08925149,-4583.65058,37.81207946,436.4146639,11.15915781
-0.103887447,-0.021180764,-0.010228125,0.117165287,-0.108078297,0.15969568,-0.155827137,0.029749026,0.000948424,0.12688276,0.01129101,0.010745564,0.020831849,0.099090941,-0.088963873,0.058476001,-0.004908898,0.070635836,-0.061152225,-0.02690495,-0.095831354,0.107288703,-0.001283077,0.099979926,-0.09593533,0.150853679,-0.032137086,0.117267569,0.053957029,0.065917091,0.085542351,-4549.471232,39.62413004,461.6072334,12.43421509
0.04717438,0.030343508,-0.057702076,0.123751393,0.032772385,0.283766457,0.023254232,0.01222769,-0.163354778,0.003355911,0.011343504,-0.044615955,0.057256028,0.002024035,0.143895223,-0.048832058,-0.104229181,-0.02824622,0.077359159,0.113388848,-0.032341874,0.069708619,0.023169351,0.089125745,0.028844794,0.120920776,0.021220378,0.092163436,-0.007872361,0.040530057,0.08760847,-4508.42357,39.20494613,461.7274349,13.57287508
-0.135087687,0.05979126,-0.076945306,0.129745302,0.028440612,0.308557936,-0.064820967,-0.069214261,-0.014620107,-0.086079539,0.055016508,0.127387975,-0.124790998,0.084321567,-0.000987138,-0.004165366,-0.106935064,0.088087206,-0.015772755,0.117917226,-0.104302186,0.189988233,-0.076877828,0.064645885,-0.117153977,0.231830929,0.024914745,0.254778228,-0.04479654,-0.019121314,0.119017323,-4497.920351,37.81947872,433.5727796,11.32958685
-0.077634953,0.154273012,-0.13209877,0.105751802,-0.075386995,0.274226934,-0.040882207,0.050601442,-0.107393253,-0.004533958,-0.043157691,0.015856903,-0.004449498,-0.097674718,-0.005411942,0.00063716,-0.12744063,0.030711266,-0.107723546,0.062706708,0.033408912,0.084742778,0.038823635,0.097998622,-0.035412718,0.186769404,-0.116121323,-0.003278798,0.027376725,-0.006810025,0.094761282,-4463.860016,38.70384482,443.0339238,12.0513291
0.003579366,0.020216079,-0.055356286,0.180013749,0.002865079,0.168944813,0.121721677,0.064599152,-0.002988757,0.017487496,-0.025681038,0.009441124,0.06514675,0.019151355,0.034353284,0.008701274,-0.028888509,-0.036370098,0.014995181,0.028400924,-0.003270149,0.158673292,-0.094010068,0.12126275,0.013538678,0.019546661,0.02815768,0.091035564,0.05552949,0.008476612,0.071898308,-4530.277952,39.9979557,452.083652,12.52104985
-0.037156375,-0.089615061,-0.095845501,-0.068994318,0.072454896,0.211392945,0.061174628,0.091503044,0.116306026,0.047292577,0.157627377,0.031485493,0.100539059,-0.068182093,0.002390985,-0.000967718,0.032179522,-0.083521953,0.015045492,-0.096739422,-0.122162383,0.078673056,-0.116854925,-0.040062178,-0.089713126,0.074852124,-0.054426969,0.055139714,-0.058979208,-0.125406674,0.08843145,-4545.431335,38.63844095,449.3308816,12.05329909
-0.152730624,0.117598574,-0.055070195,0.101987202,-0.113947076,0.271200803,-0.046856948,0.083865267,0.01539358,0.013437195,-0.048105561,-0.005445635,-0.012229029,0.017329543,0.017615691,0.090274483,-0.005287669,-0.156084269,-0.110175497,0.0177274,0.0094257,-0.024939884,0.04473469,0.178868108,-0.021214432,0.230902105,0.003984296,0.004267736,-0.007394096,0.007586279,0.097208551,-4450.842708,39.36613411,437.235218,11.81713169
0.011465451,0.122722785,-0.102124041,0.057596004,-0.052519982,0.231383218,-0.058142256,0.059270844,0.198920569,0.175593569,0.081366492,0.027840479,-0.141025946,-0.027563743,0.156136609,0.005545784,0.139224249,0.006231827,-0.084322421,0.084889224,-4.75E-05,0.101502873,0.033154558,-0.003874658,-0.009677035,0.064192794,0.00702564,0.153202005,-0.055781601,0.102867531,0.100261036,-4546.220997,37.52661811,471.6814437,12.19080347
0.051146458,0.010264321,0.037668526,0.235040624,-0.048182052,0.154863273,-0.048352553,0.019994265,-0.084073339,-0.018787547,0.00387476,0.156144082,0.037088547,0.000438276,0.048854687,-0.059954214,0.065358356,-0.099202665,0.009488772,-0.006489749,-0.040554722,0.106862426,-0.01571727,0.094628601,0.048742574,0.061295857,-0.031525393,-0.022970852,-0.040975815,0.022313139,0.076145227,-4515.799529,38.33462056,468.3220701,12.23989254
-0.05053443,0.030276801,-0.067414392,-0.018497867,-0.135263449,0.279538742,-0.074194187,0.028760041,-0.013194656,0.063506575,0.044794483,-0.045337775,0.133397737,-0.175377857,-0.00641756,-0.078382892,-0.056638631,-0.123539578,-0.032786824,0.091276719,-0.010041665,0.004255462,-0.007217834,0.026065185,-0.157706903,0.039848773,0.055025269,0.084075001,-0.02103325,-0.005841471,0.089422793,-4506.718086,38.86478628,438.8272432,11.96357202
-0.166853537,0.112153346,0.059299765,-0.046256474,-0.128627144,0.15138641,-0.07763317,0.200870911,-0.117417323,0.005772573,0.017729058,-0.069033243,0.00303019,-0.001222731,-0.037750255,0.042428186,-0.100616038,0.020642608,-0.065505027,0.014790785,0.029188326,0.05820448,0.080893537,0.134462395,-0.092976092,0.184461283,-0.089073791,0.047973143,-0.06048882,0.005091424,0.092116464,-4485.539051,37.33007041,453.7852713,10.98416581
-0.111970447,-0.497077294,-0.035206304,-0.635076598,0.055152254,0.201867141,0.036820226,-0.277929988,-0.03448468,-0.238545525,-0.032629338,-0.031112804,0.028143617,0.088082643,0.121105226,-0.166697643,0.072268363,0.01170706,0.039112353,0.01759028,-0.544189113,0.041608142,-0.561586866,0.014415706,-0.433259469,0.119141837,-0.456161432,0.055488313,-0.137846244,-0.066142224,0.255265593,-4514.39158,38.6633869,439.8359,12.04864377
0.005850963,0.19690149,0.047927299,0.107235947,-0.104822882,0.276698062,0.017201075,0.109549569,0.073188256,0.096181945,0.108529944,0.017158586,0.030360734,0.067349984,0.104783816,-0.030449412,-0.006276894,-0.00169434,-0.010632457,0.117043677,0.013779287,0.162759976,-0.015528327,0.100399854,0.030567493,0.111027631,-0.102383277,-0.004159451,0.024171904,0.070337316,0.096028147,-4540.746969,37.87037166,446.8038665,11.27605548
-0.038183399,0.039595313,-0.009985226,-0.024108425,0.102972171,0.28934146,-0.007482864,-0.016624998,-0.04499784,-0.054301307,0.088505912,0.019840455,0.05690663,-0.02442576,0.144351858,-0.039315054,0.094601554,0.010249466,-0.026732225,0.007912599,-0.110747477,0.072608146,-0.088341202,0.056393859,0.000738699,0.272438129,-0.082268493,-0.009765489,-0.052866994,-0.00535066,0.093102544,-4536.783692,40.00647323,419.4818611,11.2949908
0.077025924,0.015788781,-0.014349478,-0.087324089,-0.182768752,0.582293428,0.119232711,0.019192114,0.054716365,-0.019314326,0.090656597,-0.520289973,0.111925506,-0.48220459,-0.001128683,-0.506118899,0.005253324,-0.301385311,0.06567445,-0.297934405,-0.052537386,-0.604884996,-0.158829313,-0.382237054,-0.103638732,-0.077840392,-0.013944437,-0.449526016,-0.013416082,-0.283836294,0.271311005,-4542.812976,38.60197864,449.7204684,11.7317504
-0.066908916,0.200628262,-0.058289207,0.13751061,0.05556744,0.207006984,0.024137854,0.1026903,0.034562528,0.166011024,0.015058669,0.037996304,0.036517638,-0.009298757,0.045229664,-0.039623418,0.068093544,-0.073275278,0.062290503,-0.126568612,-0.13947476,0.014368934,0.060222958,0.143319403,0.086095407,0.093393744,-0.048076164,-0.021796237,-0.081388577,0.115529485,0.095252005,-4462.922887,38.16917102,482.4357847,12.84344719
-0.074085435,0.073027301,0.040823137,0.123382053,-0.002967403,0.145944645,-0.006211552,0.066467669,0.00182984,0.046391193,-0.065925692,0.03058046,0.038854792,0.020102536,-0.048613091,0.052450796,0.188997461,-0.01067336,0.105272412,-0.096411821,-0.037919999,0.101106885,0.076242682,-0.084694038,-0.095754554,0.241223429,-0.073916598,0.126082369,-0.086867122,0.003049389,0.090383035,-4512.359896,37.6679774,432.6119027,11.23651924
0.05180775,0.189578107,0.016741997,0.12391595,-0.024897433,0.242880547,-0.047846618,-0.018599942,-0.102185136,0.058341876,0.053004606,-0.005137211,0.004014878,-0.085516097,0.093401925,0.00746175,0.049296947,0.01251312,-0.002840991,0.042802913,0.038202214,0.1570786,-0.052905978,0.014638823,-0.002417506,0.123905302,0.011607109,0.019072891,-0.128513163,0.101878714,0.086721925,-4533.888109,38.43058891,459.7393058,11.92130824
0.144374814,0.20071658,0.098172608,0.037633753,-0.0512752,0.177271339,-0.05222574,0.012605488,0.003078201,-0.075180042,-0.003003233,-0.06850194,0.109764979,-0.135452862,0.050536853,0.064120531,0.242896682,0.037051571,0.013001317,-0.19071336,-0.063646994,0.055627584,-0.018886978,-0.051207775,-0.072850117,0.111250287,-0.016042096,0.025678577,0.123048568,-0.161230686,0.103814536,-4554.474353,37.59772766,478.4229438,12.09985473
0.019774157,0.059842001,-0.078133927,-0.021157811,-0.046678593,0.165548979,0.015932372,-0.058749904,-0.117553762,-0.048239618,0.040086106,0.11494577,-0.070442675,0.013628979,0.075932826,-0.010315427,-0.053653436,0.00539686,0.005300862,-0.019667772,-0.044676501,0.241280235,-0.120527065,0.00808335,-0.087225264,0.145504557,-0.115313908,0.04465352,-0.175106112,0.087651952,0.090617135,-4555.979814,38.54085006,431.6654138,12.21002838
-0.189673855,-0.527353776,-0.143125212,-0.485604326,-0.064603284,0.221389582,-0.006607534,-0.427586504,0.144030006,-0.333756652,-0.0550947,0.072168611,0.003767465,0.087599163,0.111166933,-0.028701252,-0.053810731,0.060937505,0.045629603,0.147129774,-0.440779127,0.15033494,-0.507981936,0.138822471,-0.337430773,0.136914791,-0.49400621,0.037564201,-0.315356261,0.03556738,0.25632026,-4546.539047,39.3014877,442.0031386,11.53203085
-0.104559328,0.022650545,0.136369487,0.141849275,0.086148711,0.25012896,-0.035595341,0.124546987,-0.098233885,-0.017409933,0.018346539,-0.097545332,-0.059802467,0.053419993,0.138786732,0.02667155,0.100714852,-0.028711871,0.062610846,0.13738981,-0.019632647,0.11836388,-0.091420119,-0.005762174,0.081737868,0.255481714,-0.026194249,-0.032524134,0.059344793,0.018548502,0.102834575,-4456.76554,38.10775557,458.2943292,11.89088519
-0.056391671,0.154621496,0.138942311,0.036974355,0.062350522,0.252137698,-0.088461082,0.142326771,0.033969555,0.062272179,0.008414562,-0.030815353,0.085989621,0.089389575,0.041260863,-0.040333189,0.095507481,-0.067312829,0.020305993,0.010919813,0.049123673,0.126432591,-0.049971825,-0.02131634,-0.02467044,0.091024767,0.034082587,0.095671111,-0.109272246,-0.025168069,0.088578781,-4501.048696,38.16235191,452.7550381,11.93270955
0.059535668,0.05794629,0.121897467,0.223893908,0.018706722,0.120718691,0.039028493,-0.03054405,0.11920688,0.048558849,0.059858266,-0.119268206,0.190829317,-0.038429011,0.130228632,-0.096335979,0.009671505,0.058240649,0.128041422,0.00821752,-0.165386898,0.1055778,-0.066622936,0.100020366,0.060341588,0.173035029,0.091999235,-0.145182581,0.102415197,0.037618269,0.105782111,-4534.804451,36.46800582,447.793874,11.29242051
-0.028108235,0.184002057,-0.004230806,0.231605819,0.020377668,0.101275305,-0.035130132,0.138353047,-0.075987594,0.080023638,0.045622975,0.028616845,0.07690422,-0.050595593,0.062319791,0.013516684,0.064521901,0.04398953,-0.047834223,0.09154045,-0.001511449,0.057207371,-0.090296056,0.059804016,0.029625793,0.26909484,-0.024653794,0.055238314,-0.060728369,-0.031625481,0.093162978,-4556.304149,38.35696785,449.1965674,12.29659137
0.002998654,-0.02408291,0.00157946,0.100876693,-0.079114361,0.269465971,-0.031670338,0.182234212,0.070429426,0.082995384,0.075957674,-0.006281443,0.014132635,0.064313959,-0.007797661,0.014980271,0.019939306,0.032182508,-0.111058896,-0.13006292,0.058512168,0.209042292,0.005041923,0.019824004,0.091996575,0.029399036,-0.089502627,0.003572648,-0.138549006,-0.027506308,0.093391249,-4567.291325,38.14580838,458.3579816,11.80753495
-0.081687892,0.035283604,-0.056684728,-0.042273904,-0.015894046,0.293483724,0.016289041,-0.006817981,0.069478716,0.043490999,0.07225862,0.028561271,-0.013481296,-0.025027958,0.058536991,0.061901567,0.070435936,0.077819432,0.035295269,0.08276803,-0.050115969,0.02242491,-0.130933741,0.029093297,-0.13948197,0.188526872,0.00348235,0.111858024,-0.09170214,0.039709868,0.089081162,-4499.842358,39.8553333,425.8955843,11.4933965
0.038005098,0.007045539,-0.088844527,0.146613777,0.032935538,0.104311154,0.020972289,0.095203783,-0.093957677,-0.07821528,0.01720872,0.054842919,0.016544605,0.016413133,0.100509078,-0.027322797,0.045099521,-0.022718209,0.036525109,-0.031759932,-0.183324579,-0.094017407,-0.103287791,0.061883838,-0.061225821,0.200632382,0.037643379,0.051691037,0.001037807,0.059871437,0.080727535,-4549.279115,38.99855543,455.7555853,12.19477407
0.198277437,0.180921138,-0.045106676,0.128003486,-0.174586285,0.321535476,0.11900086,0.150506452,-0.096043889,0.007648679,-0.033643217,-0.04482523,-0.012895885,-0.098723989,0.070639021,0.016101553,-0.027805281,-0.110441588,0.091921692,-0.076948926,0.033414177,-0.007537079,-0.002281301,-0.000980556,-0.028460509,0.103898568,0.063944442,-0.013989718,0.133297867,-0.014880153,0.108186667,-4493.785559,39.25355377,449.8302164,11.91220839
-0.159703164,0.130715017,-0.055991728,0.266541659,-0.131738178,0.169674159,-0.063689317,0.079080335,-0.165198539,-0.020735967,-0.077546579,-0.036085288,-0.054541583,-0.010426867,-0.020316626,0.009027138,-0.125727311,-0.063215952,-0.046213773,0.100043753,0.078365237,0.073881047,0.000550173,0.043089071,-0.017137142,0.286507193,0.012617877,0.087926015,-0.030266274,0.000893895,0.107769959,-4433.738533,38.33298928,431.3336816,11.0787095
0.138388037,-0.028176053,-0.021297387,0.096505005,0.06854605,0.193390288,-0.011316287,0.16312972,-0.086860768,0.056596808,0.098857162,-0.195692263,-0.071361543,0.080896286,0.131772512,0.093108111,0.065578897,4.37E-05,0.063819142,-0.036150291,-0.143738734,-0.016720132,-0.023236189,0.030029225,0.092072398,0.186846951,-0.020539762,0.08874434,0.028954286,0.115902177,0.098835932,-4497.673601,37.76095805,465.5201697,11.85705792
-0.01646758,0.146568228,-0.075358447,0.057775681,0.145867968,0.294080415,-0.04395805,0.091836647,0.175662164,0.013520843,0.033306267,-0.058645809,0.062396282,-0.032893445,0.150599739,-0.087184878,-0.070426346,0.055597606,0.084533766,-0.036427442,0.154930728,-0.030680712,0.096980822,0.251122059,-0.089312255,0.013661455,-0.079753326,0.057697623,-0.047057178,0.051932099,0.109002037,-4489.421699,39.36450228,448.6419009,11.88928671
0.024075317,0.110481459,-0.052532059,-0.019899456,0.051584038,0.169048718,0.101236186,0.084295975,0.066264303,-0.026407889,0.084219387,-0.206696354,0.084807517,-0.123871025,0.105457615,-0.262897643,0.019154304,-0.205842919,0.010815845,-0.035744103,-0.01261003,-0.196060782,-0.01415138,-0.150245211,0.003042057,0.111601806,-0.009066097,-0.131675118,0.046531065,-0.072168974,0.110298924,-4472.677477,39.14120751,443.651987,11.51886646
0.061134182,0.041620107,0.080456888,-0.028320241,0.006613319,0.297085525,0.088487207,0.033059274,0.036493824,0.069493537,-0.017724086,-0.054510638,0.075291212,-0.005804103,0.25637076,-0.060769329,0.10491331,-0.078422318,0.148304433,0.0778733,-0.00463546,-0.085356319,-0.199138684,0.164585251,0.092233969,0.191029922,-0.073297272,0.01441894,0.019259863,0.009433744,0.110279395,-4541.659385,37.82430824,440.8184988,11.40948579
-0.038642596,0.068626011,-0.008321478,0.084727124,0.100605551,0.339935827,-0.008670174,0.088747093,0.033311545,0.092040772,0.099278964,-0.121386039,-0.007704151,0.030449916,0.112429953,0.134711648,0.098756573,-0.028207395,0.129039745,-0.075146105,0.039627866,0.186555276,-0.058897299,0.10941565,-0.116742037,-0.05388627,0.085452882,0.020095745,-0.05651465,0.089935184,0.105389346,-4591.668972,38.74060716,462.298542,12.52844366
0.065599952,0.042137844,-0.06815568,0.197262801,0.183728168,0.238126331,0.004018314,0.121372226,-0.225011459,-0.027388816,-0.034878013,0.008338228,0.09392844,0.001252909,0.052455537,-0.134408793,0.018943912,0.042241201,0.055803614,-0.066201719,0.002598032,0.031992405,-0.032456264,0.013929058,-0.024511672,0.116789559,0.114044429,0.011993426,0.057964307,0.094797372,0.098116706,-4534.260432,39.59816924,449.121136,12.02882976
-0.034071558,0.083467191,0.044724032,0.137744952,0.079737522,0.175988947,-0.161411864,-0.004056002,-0.04520186,0.237879096,0.030836025,0.019968693,-0.008879045,-0.056724541,0.148090299,0.001139631,0.031018546,-0.087157298,-0.020705185,0.056678887,-0.038213628,0.097767258,-0.010146233,0.020507893,0.098587643,0.107578124,-0.165954034,-0.021834827,0.003758895,0.043430341,0.091771853,-4514.358014,37.85038094,449.8725964,11.5336634
0.018720173,0.012910962,0.072822387,0.061268063,0.025843568,0.289908095,-0.110574695,0.148512468,0.001986577,0.052411027,0.088705534,-0.048830009,0.019711161,-0.02785897,0.031560945,0.072538203,0.112453803,0.003030132,0.094890882,0.017886159,0.07100196,0.157644084,-0.039162309,-0.054245602,-0.074621212,0.104367055,-0.049704153,0.082486351,0.008607614,-0.014910117,0.087821394,-4556.170257,38.89870955,450.9386775,12.38150728
-0.400613997,-0.084908284,-0.344681566,-0.116966333,-0.308592881,0.293152565,-0.31927057,-0.028964979,-0.188471248,-0.010212835,-0.179795,-0.055162469,-0.146478162,0.008660758,-0.110554588,0.02600873,-0.150733279,0.086526837,-0.166976333,0.000231644,-0.170870175,0.061630954,-0.118388296,0.096399696,-0.146696801,0.497312965,-0.051431287,0.123290591,-0.082572301,0.058942851,0.19156576,-4629.843217,38.28969214,431.1043718,10.96725642
0.184297474,0.007623266,0.163204743,0.030163484,-0.24003251,0.331886467,0.055705534,-0.081849673,0.13240001,0.020235097,0.078123382,-0.433367817,0.163270738,-0.460292664,0.01199848,-0.360071406,0.093220258,-0.288966906,-0.09691391,-0.289993812,-0.088075216,-0.408140464,-0.100833872,-0.574493216,-0.123134347,0.088377051,-0.046200455,-0.252553858,-0.206688179,-0.329462151,0.242190726,-4489.543074,37.19449873,428.6786465,10.75369538
0.124576126,-0.012937986,0.003909388,0.174164273,0.106753857,0.327880934,0.093413531,0.032308058,0.091510467,0.022803625,0.22175303,0.059389132,0.093772574,-0.081366205,0.082814072,0.029798067,0.255525627,0.025630992,0.171095676,-0.018041348,0.040800582,-0.009696257,0.007654283,0.079628271,0.047542086,0.237645204,-0.008857869,0.121883814,0.038114062,-0.004616502,0.120873743,-4550.329779,39.70171226,448.2451876,12.29485085
-0.097784427,0.086667965,-0.005208944,0.021096222,0.124243487,0.269898777,-0.013176459,0.156562682,-0.073053741,-0.022080567,0.011948929,0.045286813,0.031586372,-0.087482207,0.068265017,0.108381661,0.0373979,-0.055432148,-0.041969413,-0.057955189,-0.03838615,0.123280154,0.004904501,0.150976305,0.112091613,0.117314646,-0.031397141,-0.016670786,0.031416059,-0.104394924,0.091677947,-4563.792854,39.24847248,455.7650143,12.1821041
-0.041155881,0.178073216,-0.025119695,0.043268618,0.02956634,0.282796936,0.082593098,0.132439898,-0.074466378,0.015376072,0.04089924,0.035626807,0.007210752,0.096096077,0.114357296,-0.094429643,0.131202572,-0.085018607,-0.049967919,-0.055695514,-0.062648866,0.078893617,0.025580349,-0.006387654,0.092975209,0.332654738,-0.010377672,0.004161248,-0.050169889,0.020288369,0.107139234,-4449.076016,38.13250414,479.7729949,12.96156937
-0.03976886,0.156827278,-0.167378134,0.028461028,-0.074115672,0.135413911,-0.080654254,-0.045636889,-0.065761074,0.016084763,-0.076592907,0.072250235,-0.026136508,-0.055587167,0.014560821,-0.096558992,0.047241365,-0.098338269,-0.174351262,0.171005089,-0.152857888,0.059013632,-0.027888636,0.092058878,-0.084981714,0.256404549,-0.001697469,0.020780397,-0.109591393,0.119447969,0.103878172,-4465.480557,39.72272361,431.9543959,11.43784925
-0.02265762,-0.080574372,0.138059365,0.097718474,-0.160806732,0.253050679,-0.119878536,-0.164667422,-0.15331831,-0.074872567,0.152936974,0.028792261,-0.091935765,-0.127270861,-0.054268588,-0.022941733,-0.01362092,0.08809684,0.002149511,-0.094306615,-0.123121759,-0.016349274,-0.118709424,0.011544995,-0.053680324,0.109989635,0.022919912,0.142205965,0.015963772,0.029403234,0.105164967,-4518.848095,37.95631938,445.6514846,11.11399462
-0.055987426,0.022260645,-0.043816714,0.047893253,0.033647905,0.225088579,-0.026506881,0.013168698,-0.102975618,0.063390729,-0.048191607,-0.004809449,0.004997687,0.126409745,0.09774199,0.195976458,-0.070482153,0.094632968,-0.042026675,0.050114933,-0.041319852,0.224973795,-0.111364038,0.081207381,-0.03526794,0.227526809,-0.057581982,0.115962739,-0.165281498,0.199380304,0.110726882,-4501.184695,38.48024944,439.5605283,11.26806263
-0.309618202,0.055845676,0.082350699,0.044845183,0.110060589,0.288925831,-0.154795491,-0.080421741,-0.126056248,0.019273408,-0.057450439,-0.003002064,-0.217642811,-0.070413417,0.086559542,0.079295726,-0.010953913,0.10331373,0.00539209,0.037271669,0.013556805,0.088084609,-0.028738363,-0.005299152,-0.129391922,0.218604528,0.09131561,0.049174558,-0.111541082,0.021916208,0.119539524,-4529.706243,39.19243896,458.9996398,12.60406182
-0.039898618,0.143120076,0.004708022,0.140418064,-0.098662437,0.219405567,0.098200082,0.111815566,-0.031523826,0.015436473,-0.017925734,-0.016889218,0.001906992,0.043139337,0.001600146,0.02141818,0.102913635,0.059338436,0.096750722,-0.054027112,-0.040286914,0.207451384,-0.14233279,0.060725887,0.076667313,0.042953981,-0.006319669,0.085219016,0.052960664,0.065499494,0.09002142,-4533.939152,38.05714904,445.5423266,12.08388006
0.016115841,0.196859386,-0.070913204,0.123119153,0.026571685,0.264304038,-0.044129801,0.100505293,0.035992696,-0.005522765,0.058131317,0.12178668,-0.045786326,-0.040789926,0.075613499,-0.028086089,-0.067973423,-0.139318882,0.1916859,-0.049898626,0.018808657,0.077190866,-0.019389937,0.091751337,0.072847089,0.133568037,-0.03860192,0.08351462,-0.018652553,-0.019876883,0.097012083,-4494.709065,38.96080212,473.1909596,12.06271983
0.032735007,0.142039028,0.09787381,0.02777482,-0.028429181,0.285658825,-0.013082539,0.06690096,0.003305642,0.047560603,0.134302107,-0.103599874,-0.060624361,0.004603828,0.114670405,0.104843341,0.051026623,0.017547194,-0.030824887,0.160755832,-0.132733964,0.004340695,-0.017203793,0.043026554,0.026392541,0.290429164,0.049910491,0.128612628,0.040436677,-0.111347045,0.107258905,-4600.195667,38.77638502,449.2553358,11.43702464
-0.150755179,0.135286511,-0.150530896,0.055031265,0.051154443,0.194202628,-0.175953132,0.03412349,-0.071539799,-0.01603341,-0.263712466,-0.030649113,0.055157115,0.091464444,0.01316814,0.063610829,-0.002468836,0.00229205,-0.092276703,-0.072827587,-0.021458838,0.075183715,0.015391347,0.110108993,-0.031866326,0.198844194,-0.083266005,0.086554713,-0.049381667,0.018651735,0.103397188,-4472.483039,38.31884871,430.9554311,11.31821025
-0.115379645,0.145415913,0.06535004,0.104336394,-0.017679946,0.115064645,-0.0437475,0.187010097,0.064778231,-0.028346562,-0.056212882,-0.068479729,-0.007112576,0.067484145,0.100160577,-0.070420551,0.066247555,0.018734054,0.041423066,0.032796693,-0.007177635,0.032839051,-0.072558799,0.110109713,0.108828889,0.139944284,0.018346736,-0.046602648,-0.109308222,0.166865898,0.087992071,-4485.657307,38.43259144,460.9934133,11.82714734
0.096155523,0.047229254,0.059579895,0.038159048,-0.219311974,0.534809258,0.028362247,-0.01070026,0.069719479,0.043109086,-0.002607844,-0.481089275,0.129170854,-0.454302904,0.011728852,-0.465374897,0.043962386,-0.382256098,0.061077108,-0.378329674,-0.145001202,-0.416459092,0.000579472,-0.577488693,-0.004207776,-0.03760756,0.12553055,-0.367585561,-0.011711422,-0.206709822,0.261248852,-4466.457507,38.56790911,437.3907641,11.11539284
-0.135235649,0.111349143,-0.114359501,0.040120912,0.047784147,0.220626631,-0.118123839,0.047693069,-0.17767938,0.081312258,-0.072607826,-0.076119775,0.103508108,-0.008044712,-0.172804106,-0.003880331,-0.147140472,-0.008795488,0.036721084,0.054885195,-0.03479442,0.146192014,-0.002711904,0.066285531,0.00386637,0.060124115,-0.019526169,-0.013310923,-0.07230294,-0.023054991,0.094071793,-4458.795194,38.32339528,450.8756243,11.91965199
0.014097111,0.139039522,-0.023690741,0.131269115,-0.031286654,0.17792886,-0.102149099,0.073690356,-0.028883742,0.169989046,0.011570626,0.040451377,0.038423341,-0.065491717,0.079921885,0.024622389,-0.025907772,0.023449919,0.042203613,0.000961279,-0.031257643,0.036917925,-0.041983838,0.164213131,0.022781041,0.089743842,0.036189949,0.047409756,-0.032700542,-0.018054166,0.076959551,-4564.1814,38.69805141,462.6126538,12.70116915
-0.113013599,0.104706377,0.098832305,0.107837397,0.240265209,0.163465302,0.052926063,-0.00655168,0.037891544,0.105932826,0.063702558,-0.025759893,0.114871273,-0.088232921,0.132895429,0.055874818,0.150265385,-0.154696012,0.130188324,-0.039746923,-0.215719601,0.053885167,-0.034596026,0.005871974,0.089350336,0.132632191,-0.002555025,-0.055160355,-0.031028226,-0.005927042,0.105971459,-4535.493583,37.58415036,445.5800652,11.25981007
-0.021528112,-0.037093995,-0.058202978,-0.075641939,0.069109113,0.303186849,-0.042351146,0.104041336,0.038037429,-0.015745727,-0.009773913,0.015735706,0.078173805,0.069081539,0.223036448,0.050711093,-0.059653697,-0.072716069,-0.054859924,-0.086654886,-0.18065965,0.044962037,-0.089718883,0.142038604,-0.089863223,0.16964987,-0.094495139,-0.023705154,0.051290317,0.046275812,0.10309739,-4486.550504,38.53763776,431.9975802,11.57707648
-0.000245799,0.027970711,0.066415075,0.017175683,-0.027586836,0.302871373,0.058132881,0.084632487,0.092404562,-0.064482745,0.036347266,-0.229989477,0.100806158,-0.021053281,0.14330946,0.022940112,0.038515733,-0.137582484,0.053488493,-0.115488276,0.028599888,-0.018228407,-0.08384559,-0.068805034,-0.095224385,0.057383221,-0.088386406,0.021650338,-0.085556028,-0.073760453,0.098324585,-4537.820215,37.79158609,428.868182,10.92199169
-0.001275286,0.083506982,-0.21524682,0.216132894,0.004896711,0.150850023,0.05028078,0.249734134,0.155714781,0.19167148,0.056777949,0.085874597,0.043397224,0.047327344,0.048100325,-0.018891427,-0.030166514,-0.210297187,-0.031084456,0.057373965,-0.082294067,0.191326981,-0.079805588,0.017799451,0.041795477,0.069483692,-0.033716137,0.116150304,0.094590987,0.085426407,0.115898847,-4473.435253,38.08103964,470.1852556,11.93089525
-0.023959796,0.085821049,-0.087740287,0.136005226,0.054494715,0.143880561,0.070570404,0.134022426,-0.000802957,0.120846596,0.020480069,0.002352684,-0.004439632,0.050466571,0.067583081,0.008144363,0.027570998,-0.0507904,-0.004955843,-0.023281484,-0.047101488,0.044232966,-0.053121079,0.040693293,0.059203395,0.118337445,0.03170528,0.09815708,-0.043193458,0.115475869,0.07277522,-4534.702365,36.41936221,470.844048,11.44880326
0.067102282,0.076200634,-0.04360298,0.012466924,0.094646724,0.277219593,0.036442698,-0.004696133,0.057999306,0.008133437,0.055398037,-0.096633664,0.113352034,-0.030655217,0.129282912,-0.213927408,-0.108622001,-0.1944417,0.071916321,0.012256449,-0.038652077,-0.065638889,-0.059939162,-0.014270162,0.050439969,0.049176933,-0.004236984,-0.068787854,-0.017589686,-0.056972127,0.094767086,-4575.576801,40.24684672,450.7518164,12.83472913
0.018570439,0.210958886,0.060328791,0.063980151,-0.064440054,0.201092163,-0.010958396,0.04675361,-0.119998662,-0.042555256,0.045602677,-0.108072857,0.114225004,-0.052876157,0.023713784,-0.060119275,-0.078339857,-0.058012905,0.002318597,-0.146808817,0.131971495,-0.146830296,0.053354499,-0.075288427,0.030013098,0.095458821,-0.116009521,0.100811545,-0.029272558,0.02696974,0.093672849,-4482.536828,38.69601559,452.6496719,11.76405084
-0.045174181,0.086473929,-0.073292517,0.01990734,0.026279201,0.303808468,-0.134575069,0.112424018,0.035437217,0.042073428,0.018742116,0.173895197,-0.075762464,-0.011230922,0.006760093,0.073813945,0.026299113,0.091761146,0.03847527,0.107387814,0.029517222,0.20267331,-0.123332628,0.168489278,-0.22383872,0.296656275,-0.051285664,0.043967702,0.066975045,0.114508037,0.122738854,-4493.924164,38.87398161,462.4466581,13.10673376
-0.110187258,0.094050901,-0.073104017,0.060463876,0.001400132,0.242697061,-0.019446005,-0.021457262,-0.104723096,0.032553887,0.016193551,0.064415859,-0.00809748,0.032163004,-0.030584613,0.117394246,-0.111224519,0.179755043,-0.083279826,0.126141811,-0.097420855,0.200190693,-0.140652287,0.139252235,0.10304956,0.203841605,-0.128149347,0.145197636,-0.107422411,-0.011792815,0.11248848,-4595.249892,37.70553268,433.3156441,10.89063947
0.067600761,0.068472018,0.079583982,0.174410147,-0.08378475,0.232987752,0.043946001,0.192011067,-0.018186302,0.086315289,0.034367765,-0.084286756,0.051191046,-0.043484359,0.017822981,-0.078210878,-0.049668711,-0.19770404,-0.024488814,0.024502175,-0.028422705,-0.080327097,-0.033104676,-0.055393589,0.018345331,0.093194863,-0.090088881,-0.018307213,-0.027019906,-0.00475021,0.090467337,-4506.170974,39.06205016,458.9518261,12.46808085
-0.072772865,-0.469341343,0.135980166,-0.362843247,-0.099829456,0.151801396,-0.06802614,-0.419565734,-0.050351296,-0.166257311,-0.005630903,-0.162296035,0.024795451,-0.075375878,0.180653804,-0.208147963,0.036503,-0.091891627,-0.122380306,-0.122979912,-0.485687435,-0.063721243,-0.363376343,-0.088635447,-0.333018656,0.130254138,-0.259654115,-0.116594283,-0.216809169,-0.088892088,0.216927071,-4593.729901,39.9280379,430.6045177,11.34112712
-0.08201729,0.011991074,0.179954731,0.07563133,0.11394093,0.169491692,-0.088568511,0.027292449,-0.057120382,0.103129651,0.060239908,-0.098713296,-0.031081996,0.026695438,0.120112383,0.040078382,-0.065974285,-0.050942434,0.110328852,0.042706166,-0.097006881,0.049794079,0.057856726,-0.009700979,0.012667657,0.101504028,0.044618896,0.12211407,-0.015998135,0.166605667,0.087922731,-4424.445686,38.63816861,458.4406262,11.68461213
0.013755985,0.07871947,0.009740133,0.08619136,0.01939664,0.120367338,-0.016288793,0.089191936,0.026556524,-0.026917958,0.118044537,0.008706192,-0.092858407,0.042733987,-0.01701987,0.044284684,0.060229039,-0.037100403,0.190729841,-0.068300002,-0.021185941,0.013200926,-0.064687046,-0.017911254,0.075491922,0.192453812,0.013091051,0.186891751,-0.062350121,0.023703326,0.081362674,-4501.752764,38.72392622,474.5085854,12.36381684
-0.097372058,0.105909831,-0.064334121,0.087826781,0.088745913,0.160723845,-0.101682054,0.11534643,-0.130885786,0.011002261,-0.083644881,0.01595851,0.035810707,-0.080934494,-0.035273995,-0.074616375,0.001286354,-0.042644852,-0.04107676,0.00026145,0.063340624,0.126647508,0.070411679,0.058753186,-0.193763763,0.071753403,-0.096981155,0.016985897,0.023220911,0.061445649,0.085190211,-4486.951594,38.87950058,463.2584192,11.98286915
-0.14054945,0.08849328,-0.015412417,0.044926933,-0.054837326,0.252039524,-0.226277123,-0.076319806,-0.040606382,0.036662466,-0.036636973,0.040318986,-0.066623793,0.044296567,0.050323426,0.035239159,-0.041941891,-0.064349599,-0.213281202,0.126929671,-0.010484372,0.097004214,0.025180814,0.06866229,-0.112490587,0.207751634,-0.08353964,0.041489651,-0.040205147,0.010544968,0.102979846,-4601.289378,39.18598752,454.0233366,11.50262037
-0.022928949,-0.000200584,0.033404614,0.047593884,0.060408073,0.130949096,-0.061496277,-0.016374341,0.072267905,-0.016797492,0.066244793,-0.078644612,0.097808098,0.114046942,0.048128321,-0.163010405,0.082846771,-0.02057365,0.003977799,0.050000918,-0.13754045,0.052072704,-0.028404583,-0.023947113,-0.07026662,0.154116385,-0.176353575,0.000281256,-0.076819567,-0.080393991,0.081906432,-4559.855327,38.41611338,465.8730049,11.90749784
0.218533765,-0.017384237,-0.008948059,0.084546073,-0.1366436,0.158465883,-0.084212505,0.126236897,-0.094452413,0.163901078,0.013430924,0.073166831,-0.037348942,-0.140361869,0.040243345,-0.037228584,0.066835833,0.103941812,0.181377325,-0.145768985,-0.019953805,0.15215641,0.066782556,0.039130905,0.011517539,0.138909936,-0.136847137,0.066840542,-0.042317781,0.079467946,0.106019765,-4514.41967,39.21633496,470.2003355,12.37833432
0.01316615,0.217237967,-0.035893976,0.081700855,0.132283743,0.198287015,-0.034991175,0.054460879,-0.215092112,-0.053855331,0.129493228,-0.012637494,0.052099067,-0.00267627,0.030327278,0.02350038,0.108222924,-0.189185483,0.045269155,0.105714033,-0.036379416,-0.026152467,0.044935488,0.128928075,-0.092473548,0.095818162,0.027493934,0.110427006,-0.007026254,0.016090366,0.099831664,-4594.373354,39.22918354,459.7253593,12.57272615
-0.041959545,0.039912527,-0.192184221,0.053033825,-0.165092495,0.179380535,0.031955286,0.189998677,-0.062482092,0.040058965,-0.001184281,-0.094402983,0.065574813,0.008075561,-0.01572379,-0.028611506,-0.089697766,-0.038479747,-0.167421669,0.01786423,0.015109601,0.025939304,0.035521243,0.128340659,-0.123485068,0.040800404,0.077911278,0.022627881,0.036827477,0.018430221,0.089667687,-4587.368847,38.63218424,450.654117,11.77973327
-0.030951871,0.171122361,0.000988657,0.072374681,-0.122996635,0.208371987,0.157794162,0.102356636,0.010810758,0.141149398,0.147209377,0.038768949,-0.046501278,-0.028501244,0.090087386,-0.042306532,-0.031949241,0.081820345,-0.063496717,0.053587146,-0.036337228,0.09787225,0.020340008,-0.102264033,-0.087908015,0.205977909,-0.042306672,0.108134162,0.021464883,0.126124385,0.100314878,-4473.863152,40.64705856,445.1921704,12.86188342
0.0200087,0.000333564,-0.032310833,-0.042128469,0.175617849,0.193435564,0.064196596,-0.092477068,-0.005621889,-0.038724011,0.03259884,0.025803669,-0.01609711,0.001856783,0.133442718,0.024859618,0.038397161,0.015012997,0.136572929,0.002345817,-0.150805697,0.194077535,-0.100860886,0.077158861,-0.008894028,0.210924203,-0.080071812,0.001412832,-0.19703534,0.143822198,0.102222018,-4577.457487,37.6540379,440.8105971,11.4975662
0.031301684,0.273548169,0.069449224,0.144875098,-0.101302379,0.083351038,-0.060232116,-0.090270255,-0.006057421,0.046797899,-0.068984288,0.062870101,0.062175561,0.011248595,0.020110051,0.205487249,0.163557322,-0.052092872,0.124080716,-0.179287551,-0.08792036,0.147005709,-0.011409309,0.058992704,0.02882515,0.185146119,-0.15392358,0.041223159,-0.044902621,-0.020697888,0.109706986,-4546.181229,39.73964657,480.3623828,13.26906616
0.120216583,0.006917954,0.10539293,-0.043224325,-0.10054502,0.229230002,0.030300992,-0.075090183,0.03382947,-0.057558497,0.040070903,-0.213270691,0.168033202,-0.102249075,0.056585559,-0.35616805,-0.019687704,-0.207484938,-0.036848758,-0.159712139,-0.135402693,-0.120935031,-0.090860137,-0.194973306,-0.006945934,0.007686934,-0.169681311,-0.117105955,-0.102913652,-0.114918406,0.133282465,-4483.071437,38.98014331,440.0044027,11.6559628
-0.037560212,0.10271433,0.044874259,0.151918292,0.068939548,0.324157762,-0.04986127,0.044344728,0.030413101,-0.01814429,0.140293936,0.046020898,-0.018560372,0.075093174,-0.021366852,0.198547852,0.042225086,0.042897286,0.092789982,0.178114149,-0.142895803,0.195148217,0.045820047,0.188037095,0.068463912,0.247773788,0.020472633,0.119899096,0.056494882,0.129483451,0.123962639,-4522.594927,38.01306911,453.6139845,11.87387506
0.078596329,0.087411414,-0.057967608,0.146195641,0.064328046,0.231042732,-0.17883899,0.147145892,-0.018784868,-0.07063668,0.060271494,-0.001807513,0.009706469,-0.069599562,0.070023898,-0.062561047,-0.081330431,0.021871894,0.022492886,-0.04273598,-0.029311394,0.043085878,0.004811141,0.004430509,0.077295434,0.195522241,-0.038123381,0.015619044,-0.024704764,0.075972604,0.088864362,-4501.141351,38.372012,453.0174673,11.56752349
-0.053968264,0.045045945,-0.048370151,0.270699645,0.062871896,0.146959608,-0.088886691,0.053056177,0.09175512,0.007517338,0.114158932,-0.091508019,0.041546887,0.016148489,0.058407629,0.05328107,-0.10085815,-0.042814682,0.006218491,0.023797564,-0.026313893,0.135048322,0.003757512,0.035980389,0.08338041,0.162044823,-0.021192864,-0.071227301,-0.170510055,0.163919942,0.097034454,-4449.157828,38.83357544,494.8244823,13.79922021
-5.57E-05,0.099405041,0.081469237,0.209471098,0.010901174,0.198066288,-0.032489672,0.074596307,-0.012103597,0.100518112,0.083050426,0.173588526,0.072387651,0.002975194,0.030644451,0.02909082,-0.005233326,-0.089605307,-0.052581086,-0.073709824,0.003353011,0.093521486,0.086543573,0.075036433,-0.014129548,0.085402916,-0.022904172,0.177332426,-0.056727865,-0.012663475,0.089750807,-4456.281708,40.19263512,480.6479121,12.54709188
-0.00454178,0.23823707,0.089668774,0.115797056,-0.034846005,0.194714865,0.037220976,0.085909049,0.018926782,0.027616401,0.082689545,0.012479486,0.138987726,0.048453662,0.067652236,0.105804852,-0.036989078,-0.014564843,-0.075521084,-0.027085674,-0.005745554,0.166603668,-0.02480345,-0.082601874,0.048758923,0.068276743,-0.091590154,0.046027009,-0.044067704,0.092980799,0.090009469,-4501.209231,37.64351412,451.9351796,11.67521796
0.046481765,0.222004527,0.032737183,0.235066926,0.082918841,0.37745337,-0.104922787,0.226708177,0.040233598,0.096252152,0.111972537,-0.064329979,0.045966312,0.070296891,0.126981717,0.084546149,-0.004230877,0.128092059,0.091586588,0.068874281,0.025966996,0.180652447,0.000455435,0.209667298,0.096756464,0.104297676,0.24667776,0.077416358,0.013270881,0.07856661,0.138765074,-4508.313733,37.84400779,437.8666002,11.41416069
0.062509114,0.122279013,-0.005707762,0.057081789,0.101555452,0.197356719,-0.005989701,0.085492032,-0.042925899,0.121115753,0.007874335,0.119931945,0.110814293,-0.065450029,0.077239579,-0.096163406,-0.035063413,-0.087797234,-0.027969594,0.026135846,0.118386965,0.17370575,-0.07168042,-0.007996352,0.000979998,0.086270674,0.087845438,0.062436764,-0.108828441,0.029620046,0.088141308,-4557.322824,41.66187591,454.4938176,13.16695889
0.030816401,0.0620012,0.091712372,0.148938361,-0.091587304,0.070009587,-0.046198539,0.122638946,0.113249443,-0.094039331,-0.035911318,-0.037020642,0.064551814,0.009386513,0.119953482,-0.121199282,0.125201766,0.066633719,0.075990401,-0.019107634,-0.130402305,0.014944313,-0.147215732,0.024926607,-0.089366669,0.061867482,-0.063753906,0.122750223,-0.10881898,-0.021676198,0.088043282,-4511.554356,38.85161405,459.8326508,11.68135283
-0.557664181,-0.073489423,-0.423222849,-0.052274178,-0.202363537,0.14149806,-0.426640191,0.049217983,-0.284807653,-0.008653487,-0.504875439,0.189648178,-0.501446941,-0.028228877,-0.193769853,-0.019086437,-0.361567563,0.036707479,-0.242935001,0.097813787,-0.068691863,0.162568556,-0.098721844,0.101031772,-0.258924733,0.364474283,0.039833989,0.129571943,-0.031507892,0.065382818,0.250410389,-4525.139138,39.05359383,433.4738934,11.55902806
-0.177259863,0.095272892,-0.02067614,0.150075208,-0.051632131,0.333893501,-0.013935263,0.069817566,-0.156830919,0.047361437,-0.215030229,0.009056411,-0.07748794,-0.122042455,0.11039692,-0.053952923,-0.039737605,-0.074827317,0.01031767,0.001961169,-0.054605241,0.020519447,0.115259432,0.091034579,0.104214089,0.152052983,0.001884336,-0.065078636,-0.060690152,-0.038361708,0.110673903,-4463.570398,37.65605403,432.4670326,11.25405131
-0.07037748,0.188882162,-0.002340179,0.016548472,-0.020716923,0.178443686,0.005871064,0.158104723,-0.004604355,0.106843975,0.070677769,0.039162067,-0.093803546,0.032527094,0.097016923,-0.049881619,-0.080283597,-0.064100533,0.004468286,-0.040355874,0.024512128,0.024155756,-0.07685722,0.031814084,0.103433836,0.136668158,-0.103597889,0.198571382,-0.016352456,-0.033620868,0.089289634,-4540.715297,38.72855462,465.1820782,12.62694648
-0.078272901,0.142981963,-0.006085258,0.103746479,0.084236054,0.354633007,-0.054629552,0.132421524,-0.021110874,-0.034707234,-0.010240408,-0.021118355,-0.064076193,0.087665434,0.019165709,0.011818039,0.156262017,-0.057886842,0.054916016,-0.147393894,-0.054784027,-0.009755457,-0.025197037,0.138931244,0.042674404,-0.042223612,0.010308798,-0.013847721,0.071489611,0.058270112,0.098860319,-4459.207957,38.83469623,465.3590019,12.66604712
0.206581115,-0.116015488,0.187926036,-0.143091142,-0.204787935,0.461910706,0.076585419,-0.089821366,0.094233347,0.040010056,0.159705244,-0.523547599,0.178805803,-0.436848069,0.081053396,-0.589483121,0.124919632,-0.283209248,0.142694649,-0.222482781,-0.183672013,-0.469719956,-0.154333411,-0.505169713,-0.065017832,-0.011660803,-0.171689373,-0.238186804,-0.173997033,-0.094682543,0.264385402,-4517.697706,38.80540852,447.2564615,12.11852857
-0.154576392,0.046274803,0.114363562,0.112597517,0.040194567,0.249948131,0.093137292,0.12336885,0.092777312,0.034797352,-0.068674615,0.021229882,0.118935568,-0.030924638,0.090432088,-0.02568901,0.035548395,-0.007327043,0.122810174,-0.012628965,-0.018187229,0.148535802,0.121095891,0.005620232,-0.067566845,0.20006821,0.028037419,0.0543373,0.051983609,-0.022363206,0.097276943,-4466.06208,38.16468716,471.4114126,12.35331345
-0.054981982,0.310660147,-0.10370799,0.142772166,0.202012658,0.212231409,0.008167987,-0.012733127,0.044765803,0.040572756,-0.024262935,0.017483531,0.066472787,0.009908915,0.036854711,0.009485773,0.124531085,-0.186896685,0.060964793,-0.099820339,-0.027717417,-0.032305037,0.063637497,0.036551641,-0.159365026,0.16534885,0.018912707,0.057856713,-0.075927835,0.068232815,0.110369344,-4582.535495,38.89757145,445.0373972,11.99158433
-0.078839736,0.17836107,-0.155643535,0.03744503,0.017870122,0.262803133,-0.195013088,0.111011268,-0.038143916,0.062505565,0.031210471,-0.159442503,-0.107429519,-0.011866794,-0.036072844,0.109877279,0.074531987,-0.027316681,-0.123132449,-0.03229523,-0.089024805,-0.059979997,0.08851478,0.03911358,-0.047465357,0.203740691,0.043761949,0.062366126,0.026068515,0.091541406,0.106806487,-4453.722117,38.05746915,457.7517884,12.2635292
0.023886035,0.124902569,0.006133212,0.08780484,-0.17679111,0.479366862,0.076295188,0.109947397,0.017544657,0.044236165,0.148991307,-0.489223099,-0.052894636,-0.41350438,0.106702551,-0.427380884,-0.076264601,-0.357210999,-0.062406098,-0.209778755,0.069345166,-0.388615809,0.028334873,-0.239463974,-0.011173432,-0.001098336,-0.004981705,-0.173768888,0.00361182,-0.156166176,0.214828874,-4564.996933,39.68723667,431.4673425,11.5768221
0.049674694,0.072098362,-0.122006802,0.116471095,0.132686566,0.262311292,0.008202799,0.010408105,0.014724349,0.121509253,0.03250488,-0.098198805,0.161384762,-0.019018256,-0.063597764,0.044231603,-0.02293834,0.00969593,0.108288909,-0.054085832,0.021585742,0.024805688,-0.006231762,-0.107602681,-0.029632937,0.256587924,-0.072870137,0.198523113,-0.006164137,-0.006820136,0.103325707,-4543.02334,38.69137668,454.3662049,11.6725829
0.071544517,0.011448344,0.160781692,0.104367535,-0.159313511,0.453818454,0.104824484,0.025220703,0.002897628,-0.01421749,-0.040669294,-0.578826007,0.122888144,-0.435100442,0.060570962,-0.404295499,0.047266732,-0.374456229,0.063811234,-0.222126952,0.008545617,-0.429580071,-0.061384803,-0.510526782,-0.065879867,0.008120157,-0.101617475,-0.391568442,-0.028330262,-0.227293428,0.248917355,-4496.99268,38.40515615,438.6770312,11.24972298
